[START] 開始產生 320 篇內容（約 2 小時）
[INFO] 輪次: 2, 每輪: 160 篇
[INFO] 主題: 16 個, 平台: 5 個, 語言: 2 個
============================================================

============================================================
 第 1/2 輪 
============================================================

--- 語言: 繁體中文 ---
[1/640] R1 zh-tw blog       個人品牌故事與定位    (0m0s ETA:372m)
  -> 001_zh-tw_blog_個人品牌故事與定位.md
[2/640] R1 zh-tw facebook   個人品牌故事與定位    (0m28s ETA:372m)
  -> 002_zh-tw_facebook_個人品牌故事與定位.md
[3/640] R1 zh-tw threads    個人品牌故事與定位    (0m54s ETA:371m)
  -> 003_zh-tw_threads_個人品牌故事與定位.md
[4/640] R1 zh-tw linkedin   個人品牌故事與定位    (1m21s ETA:371m)
  -> 004_zh-tw_linkedin_個人品牌故事與定位.md
[5/640] R1 zh-tw email      個人品牌故事與定位    (1m48s ETA:370m)
  -> 005_zh-tw_email_個人品牌故事與定位.md
[6/640] R1 zh-tw blog       AI創業日記與心路歷程  (2m15s ETA:369m)
  -> 006_zh-tw_blog_AI創業日記與心路歷程.md
[7/640] R1 zh-tw facebook   AI創業日記與心路歷程  (2m44s ETA:369m)
  -> 007_zh-tw_facebook_AI創業日記與心路歷程.md
[8/640] R1 zh-tw threads    AI創業日記與心路歷程  (3m10s ETA:368m)
  -> 008_zh-tw_threads_AI創業日記與心路歷程.md
[9/640] R1 zh-tw linkedin   AI創業日記與心路歷程  (3m37s ETA:368m)
  -> 009_zh-tw_linkedin_AI創業日記與心路歷程.md
[10/640] R1 zh-tw email      AI創業日記與心路歷程  (4m3s ETA:367m)
  -> 010_zh-tw_email_AI創業日記與心路歷程.md
[11/640] R1 zh-tw blog       自動化行銷策略與技巧   (4m31s ETA:366m)
  -> 011_zh-tw_blog_自動化行銷策略與技巧.md
[12/640] R1 zh-tw facebook   自動化行銷策略與技巧   (4m59s ETA:366m)
  -> 012_zh-tw_facebook_自動化行銷策略與技巧.md
[13/640] R1 zh-tw threads    自動化行銷策略與技巧   (5m26s ETA:365m)
  -> 013_zh-tw_threads_自動化行銷策略與技巧.md
[14/640] R1 zh-tw linkedin   自動化行銷策略與技巧   (5m52s ETA:365m)
  -> 014_zh-tw_linkedin_自動化行銷策略與技巧.md
[15/640] R1 zh-tw email      自動化行銷策略與技巧   (6m22s ETA:364m)
  -> 015_zh-tw_email_自動化行銷策略與技巧.md
[16/640] R1 zh-tw blog       AI工具推薦與教學    (6m49s ETA:364m)
  -> 016_zh-tw_blog_AI工具推薦與教學.md
[17/640] R1 zh-tw facebook   AI工具推薦與教學    (7m17s ETA:363m)
  -> 017_zh-tw_facebook_AI工具推薦與教學.md
[18/640] R1 zh-tw threads    AI工具推薦與教學    (7m44s ETA:362m)
  -> 018_zh-tw_threads_AI工具推薦與教學.md
[19/640] R1 zh-tw linkedin   AI工具推薦與教學    (8m10s ETA:362m)
  -> 019_zh-tw_linkedin_AI工具推薦與教學.md
[20/640] R1 zh-tw email      AI工具推薦與教學    (8m37s ETA:361m)
  -> 020_zh-tw_email_AI工具推薦與教學.md
[21/640] R1 zh-tw blog       創業者生產力提升     (9m4s ETA:361m)
  -> 021_zh-tw_blog_創業者生產力提升.md
[22/640] R1 zh-tw facebook   創業者生產力提升     (9m33s ETA:360m)
  -> 022_zh-tw_facebook_創業者生產力提升.md
[23/640] R1 zh-tw threads    創業者生產力提升     (9m59s ETA:359m)
  -> 023_zh-tw_threads_創業者生產力提升.md
[24/640] R1 zh-tw linkedin   創業者生產力提升     (10m25s ETA:359m)
  -> 024_zh-tw_linkedin_創業者生產力提升.md
[25/640] R1 zh-tw email      創業者生產力提升     (10m53s ETA:358m)
  -> 025_zh-tw_email_創業者生產力提升.md
[26/640] R1 zh-tw blog       社群媒體經營術      (11m21s ETA:358m)
  -> 026_zh-tw_blog_社群媒體經營術.md
[27/640] R1 zh-tw facebook   社群媒體經營術      (11m49s ETA:357m)
  -> 027_zh-tw_facebook_社群媒體經營術.md
[28/640] R1 zh-tw threads    社群媒體經營術      (12m16s ETA:357m)
  -> 028_zh-tw_threads_社群媒體經營術.md
[29/640] R1 zh-tw linkedin   社群媒體經營術      (12m42s ETA:356m)
  -> 029_zh-tw_linkedin_社群媒體經營術.md
[30/640] R1 zh-tw email      社群媒體經營術      (13m9s ETA:355m)
  -> 030_zh-tw_email_社群媒體經營術.md
[31/640] R1 zh-tw blog       內容行銷趨勢       (13m36s ETA:355m)
  -> 031_zh-tw_blog_內容行銷趨勢.md
[32/640] R1 zh-tw facebook   內容行銷趨勢       (14m5s ETA:354m)
  -> 032_zh-tw_facebook_內容行銷趨勢.md
[33/640] R1 zh-tw threads    內容行銷趨勢       (14m32s ETA:354m)
  -> 033_zh-tw_threads_內容行銷趨勢.md
[34/640] R1 zh-tw linkedin   內容行銷趨勢       (14m59s ETA:353m)
  -> 034_zh-tw_linkedin_內容行銷趨勢.md
[35/640] R1 zh-tw email      內容行銷趨勢       (15m26s ETA:352m)
  -> 035_zh-tw_email_內容行銷趨勢.md
[36/640] R1 zh-tw blog       品牌建立實戰       (15m53s ETA:352m)
  -> 036_zh-tw_blog_品牌建立實戰.md
[37/640] R1 zh-tw facebook   品牌建立實戰       (16m22s ETA:351m)
  -> 037_zh-tw_facebook_品牌建立實戰.md
[38/640] R1 zh-tw threads    品牌建立實戰       (16m50s ETA:351m)
  -> 038_zh-tw_threads_品牌建立實戰.md
[39/640] R1 zh-tw linkedin   品牌建立實戰       (17m18s ETA:350m)
  -> 039_zh-tw_linkedin_品牌建立實戰.md
[40/640] R1 zh-tw email      品牌建立實戰       (17m44s ETA:350m)
  -> 040_zh-tw_email_品牌建立實戰.md
[41/640] R1 zh-tw blog       AI客服與客戶體驗    (18m13s ETA:349m)
  -> 041_zh-tw_blog_AI客服與客戶體驗.md
[42/640] R1 zh-tw facebook   AI客服與客戶體驗    (18m41s ETA:348m)
  -> 042_zh-tw_facebook_AI客服與客戶體驗.md
[43/640] R1 zh-tw threads    AI客服與客戶體驗    (19m7s ETA:348m)
  -> 043_zh-tw_threads_AI客服與客戶體驗.md
[44/640] R1 zh-tw linkedin   AI客服與客戶體驗    (19m34s ETA:347m)
  -> 044_zh-tw_linkedin_AI客服與客戶體驗.md
[45/640] R1 zh-tw email      AI客服與客戶體驗    (20m0s ETA:347m)
  -> 045_zh-tw_email_AI客服與客戶體驗.md
[46/640] R1 zh-tw blog       低成本創業方法      (20m28s ETA:346m)
  -> 046_zh-tw_blog_低成本創業方法.md
[47/640] R1 zh-tw facebook   低成本創業方法      (20m56s ETA:345m)
  -> 047_zh-tw_facebook_低成本創業方法.md
[48/640] R1 zh-tw threads    低成本創業方法      (21m23s ETA:345m)
  -> 048_zh-tw_threads_低成本創業方法.md
[49/640] R1 zh-tw linkedin   低成本創業方法      (21m49s ETA:344m)
  -> 049_zh-tw_linkedin_低成本創業方法.md
[50/640] R1 zh-tw email      低成本創業方法      (22m16s ETA:344m)
  -> 050_zh-tw_email_低成本創業方法.md
[51/640] R1 zh-tw blog       知識變現策略       (22m43s ETA:343m)
  -> 051_zh-tw_blog_知識變現策略.md
[52/640] R1 zh-tw facebook   知識變現策略       (23m11s ETA:343m)
  -> 052_zh-tw_facebook_知識變現策略.md
[53/640] R1 zh-tw threads    知識變現策略       (23m39s ETA:342m)
  -> 053_zh-tw_threads_知識變現策略.md
[54/640] R1 zh-tw linkedin   知識變現策略       (24m5s ETA:341m)
  -> 054_zh-tw_linkedin_知識變現策略.md
[55/640] R1 zh-tw email      知識變現策略       (24m32s ETA:341m)
  -> 055_zh-tw_email_知識變現策略.md
[56/640] R1 zh-tw blog       自媒體經營入門      (24m59s ETA:340m)
  -> 056_zh-tw_blog_自媒體經營入門.md
[57/640] R1 zh-tw facebook   自媒體經營入門      (25m28s ETA:340m)
  -> 057_zh-tw_facebook_自媒體經營入門.md
[58/640] R1 zh-tw threads    自媒體經營入門      (25m55s ETA:339m)
  -> 058_zh-tw_threads_自媒體經營入門.md
[59/640] R1 zh-tw linkedin   自媒體經營入門      (26m21s ETA:338m)
  -> 059_zh-tw_linkedin_自媒體經營入門.md
[60/640] R1 zh-tw email      自媒體經營入門      (26m49s ETA:338m)
  -> 060_zh-tw_email_自媒體經營入門.md
[61/640] R1 zh-tw blog       AI時代的職涯規劃    (27m16s ETA:337m)
  -> 061_zh-tw_blog_AI時代的職涯規劃.md
[62/640] R1 zh-tw facebook   AI時代的職涯規劃    (27m46s ETA:337m)
  -> 062_zh-tw_facebook_AI時代的職涯規劃.md
[63/640] R1 zh-tw threads    AI時代的職涯規劃    (28m13s ETA:336m)
  -> 063_zh-tw_threads_AI時代的職涯規劃.md
[64/640] R1 zh-tw linkedin   AI時代的職涯規劃    (28m39s ETA:336m)
  -> 064_zh-tw_linkedin_AI時代的職涯規劃.md
[65/640] R1 zh-tw email      AI時代的職涯規劃    (29m5s ETA:335m)
  -> 065_zh-tw_email_AI時代的職涯規劃.md
[66/640] R1 zh-tw blog       自動化銷售漏斗      (29m33s ETA:334m)
  -> 066_zh-tw_blog_自動化銷售漏斗.md
[67/640] R1 zh-tw facebook   自動化銷售漏斗      (30m1s ETA:334m)
  -> 067_zh-tw_facebook_自動化銷售漏斗.md
[68/640] R1 zh-tw threads    自動化銷售漏斗      (30m29s ETA:333m)
  -> 068_zh-tw_threads_自動化銷售漏斗.md
[69/640] R1 zh-tw linkedin   自動化銷售漏斗      (30m55s ETA:333m)
  -> 069_zh-tw_linkedin_自動化銷售漏斗.md
[70/640] R1 zh-tw email      自動化銷售漏斗      (31m22s ETA:332m)
  -> 070_zh-tw_email_自動化銷售漏斗.md
[71/640] R1 zh-tw blog       數據驅動行銷       (31m50s ETA:331m)
  -> 071_zh-tw_blog_數據驅動行銷.md
[72/640] R1 zh-tw facebook   數據驅動行銷       (32m19s ETA:331m)
  -> 072_zh-tw_facebook_數據驅動行銷.md
[73/640] R1 zh-tw threads    數據驅動行銷       (32m45s ETA:330m)
  -> 073_zh-tw_threads_數據驅動行銷.md
[74/640] R1 zh-tw linkedin   數據驅動行銷       (33m12s ETA:330m)
  -> 074_zh-tw_linkedin_數據驅動行銷.md
[75/640] R1 zh-tw email      數據驅動行銷       (33m38s ETA:329m)
  -> 075_zh-tw_email_數據驅動行銷.md
[76/640] R1 zh-tw blog       創業者時間管理      (34m6s ETA:329m)
  -> 076_zh-tw_blog_創業者時間管理.md
[77/640] R1 zh-tw facebook   創業者時間管理      (34m34s ETA:328m)
  -> 077_zh-tw_facebook_創業者時間管理.md
[78/640] R1 zh-tw threads    創業者時間管理      (35m1s ETA:327m)
  -> 078_zh-tw_threads_創業者時間管理.md
[79/640] R1 zh-tw linkedin   創業者時間管理      (35m27s ETA:327m)
  -> 079_zh-tw_linkedin_創業者時間管理.md
[80/640] R1 zh-tw email      創業者時間管理      (35m54s ETA:326m)
  -> 080_zh-tw_email_創業者時間管理.md

--- 語言: English ---
[81/640] R1 en blog       個人品牌故事與定位    (36m21s ETA:326m)
  -> 081_en_blog_個人品牌故事與定位.md
[82/640] R1 en facebook   個人品牌故事與定位    (36m49s ETA:325m)
  -> 082_en_facebook_個人品牌故事與定位.md
[83/640] R1 en threads    個人品牌故事與定位    (37m15s ETA:324m)
  -> 083_en_threads_個人品牌故事與定位.md
[84/640] R1 en linkedin   個人品牌故事與定位    (37m41s ETA:324m)
  -> 084_en_linkedin_個人品牌故事與定位.md
[85/640] R1 en email      個人品牌故事與定位    (38m8s ETA:323m)
  -> 085_en_email_個人品牌故事與定位.md
[86/640] R1 en blog       AI創業日記與心路歷程  (38m35s ETA:323m)
  -> 086_en_blog_AI創業日記與心路歷程.md
[87/640] R1 en facebook   AI創業日記與心路歷程  (39m2s ETA:322m)
  -> 087_en_facebook_AI創業日記與心路歷程.md
[88/640] R1 en threads    AI創業日記與心路歷程  (39m28s ETA:322m)
  -> 088_en_threads_AI創業日記與心路歷程.md
[89/640] R1 en linkedin   AI創業日記與心路歷程  (39m54s ETA:321m)
  -> 089_en_linkedin_AI創業日記與心路歷程.md
[90/640] R1 en email      AI創業日記與心路歷程  (40m21s ETA:320m)
  -> 090_en_email_AI創業日記與心路歷程.md
[91/640] R1 en blog       自動化行銷策略與技巧   (40m48s ETA:320m)
  -> 091_en_blog_自動化行銷策略與技巧.md
[92/640] R1 en facebook   自動化行銷策略與技巧   (41m17s ETA:319m)
  -> 092_en_facebook_自動化行銷策略與技巧.md
[93/640] R1 en threads    自動化行銷策略與技巧   (41m43s ETA:319m)
  -> 093_en_threads_自動化行銷策略與技巧.md
[94/640] R1 en linkedin   自動化行銷策略與技巧   (42m9s ETA:318m)
  -> 094_en_linkedin_自動化行銷策略與技巧.md
[95/640] R1 en email      自動化行銷策略與技巧   (42m36s ETA:317m)
  -> 095_en_email_自動化行銷策略與技巧.md
[96/640] R1 en blog       AI工具推薦與教學    (43m3s ETA:317m)
  -> 096_en_blog_AI工具推薦與教學.md
[97/640] R1 en facebook   AI工具推薦與教學    (43m32s ETA:316m)
  -> 097_en_facebook_AI工具推薦與教學.md
[98/640] R1 en threads    AI工具推薦與教學    (43m58s ETA:316m)
  -> 098_en_threads_AI工具推薦與教學.md
[99/640] R1 en linkedin   AI工具推薦與教學    (44m24s ETA:315m)
  -> 099_en_linkedin_AI工具推薦與教學.md
[100/640] R1 en email      AI工具推薦與教學    (44m51s ETA:315m)
  -> 100_en_email_AI工具推薦與教學.md
[101/640] R1 en blog       創業者生產力提升     (45m17s ETA:314m)
  -> 101_en_blog_創業者生產力提升.md
[102/640] R1 en facebook   創業者生產力提升     (45m47s ETA:313m)
  -> 102_en_facebook_創業者生產力提升.md
[103/640] R1 en threads    創業者生產力提升     (46m13s ETA:313m)
  -> 103_en_threads_創業者生產力提升.md
[104/640] R1 en linkedin   創業者生產力提升     (46m39s ETA:312m)
  -> 104_en_linkedin_創業者生產力提升.md
[105/640] R1 en email      創業者生產力提升     (47m6s ETA:312m)
  -> 105_en_email_創業者生產力提升.md
[106/640] R1 en blog       社群媒體經營術      (47m32s ETA:311m)
  -> 106_en_blog_社群媒體經營術.md
[107/640] R1 en facebook   社群媒體經營術      (48m2s ETA:310m)
  -> 107_en_facebook_社群媒體經營術.md
[108/640] R1 en threads    社群媒體經營術      (48m29s ETA:310m)
  -> 108_en_threads_社群媒體經營術.md
[109/640] R1 en linkedin   社群媒體經營術      (48m55s ETA:309m)
  -> 109_en_linkedin_社群媒體經營術.md
[110/640] R1 en email      社群媒體經營術      (49m22s ETA:309m)
  -> 110_en_email_社群媒體經營術.md
[111/640] R1 en blog       內容行銷趨勢       (49m49s ETA:308m)
  -> 111_en_blog_內容行銷趨勢.md
[112/640] R1 en facebook   內容行銷趨勢       (50m19s ETA:308m)
  -> 112_en_facebook_內容行銷趨勢.md
[113/640] R1 en threads    內容行銷趨勢       (50m45s ETA:307m)
  -> 113_en_threads_內容行銷趨勢.md
[114/640] R1 en linkedin   內容行銷趨勢       (51m11s ETA:306m)
  -> 114_en_linkedin_內容行銷趨勢.md
[115/640] R1 en email      內容行銷趨勢       (51m37s ETA:306m)
  -> 115_en_email_內容行銷趨勢.md
[116/640] R1 en blog       品牌建立實戰       (52m4s ETA:305m)
  -> 116_en_blog_品牌建立實戰.md
[117/640] R1 en facebook   品牌建立實戰       (52m33s ETA:305m)
  -> 117_en_facebook_品牌建立實戰.md
[118/640] R1 en threads    品牌建立實戰       (52m59s ETA:304m)
  -> 118_en_threads_品牌建立實戰.md
[119/640] R1 en linkedin   品牌建立實戰       (53m25s ETA:303m)
  -> 119_en_linkedin_品牌建立實戰.md
[120/640] R1 en email      品牌建立實戰       (53m51s ETA:303m)
  -> 120_en_email_品牌建立實戰.md
[121/640] R1 en blog       AI客服與客戶體驗    (54m18s ETA:302m)
  -> 121_en_blog_AI客服與客戶體驗.md
[122/640] R1 en facebook   AI客服與客戶體驗    (54m46s ETA:302m)
  -> 122_en_facebook_AI客服與客戶體驗.md
[123/640] R1 en threads    AI客服與客戶體驗    (55m13s ETA:301m)
  -> 123_en_threads_AI客服與客戶體驗.md
[124/640] R1 en linkedin   AI客服與客戶體驗    (55m39s ETA:301m)
  -> 124_en_linkedin_AI客服與客戶體驗.md
[125/640] R1 en email      AI客服與客戶體驗    (56m6s ETA:300m)
  -> 125_en_email_AI客服與客戶體驗.md
[126/640] R1 en blog       低成本創業方法      (56m33s ETA:299m)
  -> 126_en_blog_低成本創業方法.md
[127/640] R1 en facebook   低成本創業方法      (57m1s ETA:299m)
  -> 127_en_facebook_低成本創業方法.md
[128/640] R1 en threads    低成本創業方法      (57m28s ETA:298m)
  -> 128_en_threads_低成本創業方法.md
[129/640] R1 en linkedin   低成本創業方法      (57m54s ETA:298m)
  -> 129_en_linkedin_低成本創業方法.md
[130/640] R1 en email      低成本創業方法      (58m21s ETA:297m)
  -> 130_en_email_低成本創業方法.md
[131/640] R1 en blog       知識變現策略       (58m48s ETA:296m)
  -> 131_en_blog_知識變現策略.md
[132/640] R1 en facebook   知識變現策略       (59m16s ETA:296m)
  [ERROR] 429: {"error":{"message":"Rate limit reached for model `llama-3.3-70b-versatile` in organization `org_01kr0knk3weg38kx46ghwjwyk7` service tier `on_demand` on tokens per day (TPD): Limit 100000, Used 99716, Requested 1214. Please try again in 13m23.52s. Need more tokens? Upgrade to Dev Tier today at https://console.groq.com/settings/billing","type":"tokens","code":"rate_limit_exceeded"}}

[133/640] R1 en threads    知識變現策略       (59m41s ETA:295m)
  [ERROR] 429: {"error":{"message":"Rate limit reached for model `llama-3.3-70b-versatile` in organization `org_01kr0knk3weg38kx46ghwjwyk7` service tier `on_demand` on tokens per day (TPD): Limit 100000, Used 99687, Requested 1340. Please try again in 14m47.328s. Need more tokens? Upgrade to Dev Tier today at https://console.groq.com/settings/billing","type":"tokens","code":"rate_limit_exceeded"}}

[134/640] R1 en linkedin   知識變現策略       (60m7s ETA:295m)
  [ERROR] 429: {"error":{"message":"Rate limit reached for model `llama-3.3-70b-versatile` in organization `org_01kr0knk3weg38kx46ghwjwyk7` service tier `on_demand` on tokens per day (TPD): Limit 100000, Used 99658, Requested 1341. Please try again in 14m23.136s. Need more tokens? Upgrade to Dev Tier today at https://console.groq.com/settings/billing","type":"tokens","code":"rate_limit_exceeded"}}

[135/640] R1 en email      知識變現策略       (60m32s ETA:294m)
  [ERROR] 429: {"error":{"message":"Rate limit reached for model `llama-3.3-70b-versatile` in organization `org_01kr0knk3weg38kx46ghwjwyk7` service tier `on_demand` on tokens per day (TPD): Limit 100000, Used 99629, Requested 1216. Please try again in 12m10.079999999s. Need more tokens? Upgrade to Dev Tier today at https://console.groq.com/settings/billing","type":"tokens","code":"rate_limit_exceeded"}}

[136/640] R1 en blog       自媒體經營入門      (60m57s ETA:294m)
  [ERROR] 429: {"error":{"message":"Rate limit reached for model `llama-3.3-70b-versatile` in organization `org_01kr0knk3weg38kx46ghwjwyk7` service tier `on_demand` on tokens per day (TPD): Limit 100000, Used 99599, Requested 1343. Please try again in 13m33.887999999s. Need more tokens? Upgrade to Dev Tier today at https://console.groq.com/settings/billing","type":"tokens","code":"rate_limit_exceeded"}}

[137/640] R1 en facebook   自媒體經營入門      (61m22s ETA:293m)
  [ERROR] 429: {"error":{"message":"Rate limit reached for model `llama-3.3-70b-versatile` in organization `org_01kr0knk3weg38kx46ghwjwyk7` service tier `on_demand` on tokens per day (TPD): Limit 100000, Used 99570, Requested 1311. Please try again in 12m41.184s. Need more tokens? Upgrade to Dev Tier today at https://console.groq.com/settings/billing","type":"tokens","code":"rate_limit_exceeded"}}

[138/640] R1 en threads    自媒體經營入門      (61m48s ETA:292m)
  [ERROR] 429: {"error":{"message":"Rate limit reached for model `llama-3.3-70b-versatile` in organization `org_01kr0knk3weg38kx46ghwjwyk7` service tier `on_demand` on tokens per day (TPD): Limit 100000, Used 99541, Requested 1341. Please try again in 12m42.048s. Need more tokens? Upgrade to Dev Tier today at https://console.groq.com/settings/billing","type":"tokens","code":"rate_limit_exceeded"}}

[139/640] R1 en linkedin   自媒體經營入門      (62m13s ETA:292m)
  [ERROR] 429: {"error":{"message":"Rate limit reached for model `llama-3.3-70b-versatile` in organization `org_01kr0knk3weg38kx46ghwjwyk7` service tier `on_demand` on tokens per day (TPD): Limit 100000, Used 99512, Requested 1313. Please try again in 11m52.8s. Need more tokens? Upgrade to Dev Tier today at https://console.groq.com/settings/billing","type":"tokens","code":"rate_limit_exceeded"}}

[140/640] R1 en email      自媒體經營入門      (62m38s ETA:291m)
  [ERROR] 429: {"error":{"message":"Rate limit reached for model `llama-3.3-70b-versatile` in organization `org_01kr0knk3weg38kx46ghwjwyk7` service tier `on_demand` on tokens per day (TPD): Limit 100000, Used 99483, Requested 1217. Please try again in 10m4.8s. Need more tokens? Upgrade to Dev Tier today at https://console.groq.com/settings/billing","type":"tokens","code":"rate_limit_exceeded"}}

[141/640] R1 en blog       AI時代的職涯規劃    (63m3s ETA:291m)
  [ERROR] 429: {"error":{"message":"Rate limit reached for model `llama-3.3-70b-versatile` in organization `org_01kr0knk3weg38kx46ghwjwyk7` service tier `on_demand` on tokens per day (TPD): Limit 100000, Used 99453, Requested 1344. Please try again in 11m28.608s. Need more tokens? Upgrade to Dev Tier today at https://console.groq.com/settings/billing","type":"tokens","code":"rate_limit_exceeded"}}

[142/640] R1 en facebook   AI時代的職涯規劃    (63m29s ETA:290m)
  [ERROR] 429: {"error":{"message":"Rate limit reached for model `llama-3.3-70b-versatile` in organization `org_01kr0knk3weg38kx46ghwjwyk7` service tier `on_demand` on tokens per day (TPD): Limit 100000, Used 99424, Requested 1216. Please try again in 9m12.96s. Need more tokens? Upgrade to Dev Tier today at https://console.groq.com/settings/billing","type":"tokens","code":"rate_limit_exceeded"}}

[143/640] R1 en threads    AI時代的職涯規劃    (63m54s ETA:289m)
  [ERROR] 429: {"error":{"message":"Rate limit reached for model `llama-3.3-70b-versatile` in organization `org_01kr0knk3weg38kx46ghwjwyk7` service tier `on_demand` on tokens per day (TPD): Limit 100000, Used 99395, Requested 2318. Please try again in 24m40.032s. Need more tokens? Upgrade to Dev Tier today at https://console.groq.com/settings/billing","type":"tokens","code":"rate_limit_exceeded"}}

[144/640] R1 en linkedin   AI時代的職涯規劃    (64m19s ETA:289m)
  [ERROR] 429: {"error":{"message":"Rate limit reached for model `llama-3.3-70b-versatile` in organization `org_01kr0knk3weg38kx46ghwjwyk7` service tier `on_demand` on tokens per day (TPD): Limit 100000, Used 99365, Requested 2319. Please try again in 24m14.976s. Need more tokens? Upgrade to Dev Tier today at https://console.groq.com/settings/billing","type":"tokens","code":"rate_limit_exceeded"}}

[145/640] R1 en email      AI時代的職涯規劃    (64m45s ETA:288m)
  [ERROR] 429: {"error":{"message":"Rate limit reached for model `llama-3.3-70b-versatile` in organization `org_01kr0knk3weg38kx46ghwjwyk7` service tier `on_demand` on tokens per day (TPD): Limit 100000, Used 99336, Requested 2319. Please try again in 23m49.919999999s. Need more tokens? Upgrade to Dev Tier today at https://console.groq.com/settings/billing","type":"tokens","code":"rate_limit_exceeded"}}

[146/640] R1 en blog       自動化銷售漏斗      (65m10s ETA:288m)
  [ERROR] 429: {"error":{"message":"Rate limit reached for model `llama-3.3-70b-versatile` in organization `org_01kr0knk3weg38kx46ghwjwyk7` service tier `on_demand` on tokens per day (TPD): Limit 100000, Used 99307, Requested 2318. Please try again in 23m24s. Need more tokens? Upgrade to Dev Tier today at https://console.groq.com/settings/billing","type":"tokens","code":"rate_limit_exceeded"}}

[147/640] R1 en facebook   自動化銷售漏斗      (65m35s ETA:287m)
  [ERROR] 429: {"error":{"message":"Rate limit reached for model `llama-3.3-70b-versatile` in organization `org_01kr0knk3weg38kx46ghwjwyk7` service tier `on_demand` on tokens per day (TPD): Limit 100000, Used 99278, Requested 2315. Please try again in 22m56.351999999s. Need more tokens? Upgrade to Dev Tier today at https://console.groq.com/settings/billing","type":"tokens","code":"rate_limit_exceeded"}}

[148/640] R1 en threads    自動化銷售漏斗      (66m0s ETA:287m)
  [ERROR] 429: {"error":{"message":"Rate limit reached for model `llama-3.3-70b-versatile` in organization `org_01kr0knk3weg38kx46ghwjwyk7` service tier `on_demand` on tokens per day (TPD): Limit 100000, Used 99249, Requested 2316. Please try again in 22m32.16s. Need more tokens? Upgrade to Dev Tier today at https://console.groq.com/settings/billing","type":"tokens","code":"rate_limit_exceeded"}}

[149/640] R1 en linkedin   自動化銷售漏斗      (66m26s ETA:286m)
  [ERROR] 429: {"error":{"message":"Rate limit reached for model `llama-3.3-70b-versatile` in organization `org_01kr0knk3weg38kx46ghwjwyk7` service tier `on_demand` on tokens per day (TPD): Limit 100000, Used 99219, Requested 2317. Please try again in 22m7.104s. Need more tokens? Upgrade to Dev Tier today at https://console.groq.com/settings/billing","type":"tokens","code":"rate_limit_exceeded"}}

[150/640] R1 en email      自動化銷售漏斗      (66m51s ETA:285m)
  [ERROR] 429: {"error":{"message":"Rate limit reached for model `llama-3.3-70b-versatile` in organization `org_01kr0knk3weg38kx46ghwjwyk7` service tier `on_demand` on tokens per day (TPD): Limit 100000, Used 99190, Requested 2317. Please try again in 21m42.048s. Need more tokens? Upgrade to Dev Tier today at https://console.groq.com/settings/billing","type":"tokens","code":"rate_limit_exceeded"}}

[151/640] R1 en blog       數據驅動行銷       (67m16s ETA:285m)
  [ERROR] 429: {"error":{"message":"Rate limit reached for model `llama-3.3-70b-versatile` in organization `org_01kr0knk3weg38kx46ghwjwyk7` service tier `on_demand` on tokens per day (TPD): Limit 100000, Used 99161, Requested 2319. Please try again in 21m18.72s. Need more tokens? Upgrade to Dev Tier today at https://console.groq.com/settings/billing","type":"tokens","code":"rate_limit_exceeded"}}

[152/640] R1 en facebook   數據驅動行銷       (67m41s ETA:284m)
  [ERROR] 429: {"error":{"message":"Rate limit reached for model `llama-3.3-70b-versatile` in organization `org_01kr0knk3weg38kx46ghwjwyk7` service tier `on_demand` on tokens per day (TPD): Limit 100000, Used 99132, Requested 2316. Please try again in 20m51.072s. Need more tokens? Upgrade to Dev Tier today at https://console.groq.com/settings/billing","type":"tokens","code":"rate_limit_exceeded"}}

[153/640] R1 en threads    數據驅動行銷       (68m6s ETA:284m)
  [ERROR] 429: {"error":{"message":"Rate limit reached for model `llama-3.3-70b-versatile` in organization `org_01kr0knk3weg38kx46ghwjwyk7` service tier `on_demand` on tokens per day (TPD): Limit 100000, Used 99103, Requested 2317. Please try again in 20m26.88s. Need more tokens? Upgrade to Dev Tier today at https://console.groq.com/settings/billing","type":"tokens","code":"rate_limit_exceeded"}}

[154/640] R1 en linkedin   數據驅動行銷       (68m32s ETA:283m)
  [ERROR] 429: {"error":{"message":"Rate limit reached for model `llama-3.3-70b-versatile` in organization `org_01kr0knk3weg38kx46ghwjwyk7` service tier `on_demand` on tokens per day (TPD): Limit 100000, Used 99073, Requested 2318. Please try again in 20m1.824s. Need more tokens? Upgrade to Dev Tier today at https://console.groq.com/settings/billing","type":"tokens","code":"rate_limit_exceeded"}}

[155/640] R1 en email      數據驅動行銷       (68m57s ETA:282m)
  [ERROR] 429: {"error":{"message":"Rate limit reached for model `llama-3.3-70b-versatile` in organization `org_01kr0knk3weg38kx46ghwjwyk7` service tier `on_demand` on tokens per day (TPD): Limit 100000, Used 99044, Requested 2318. Please try again in 19m36.768s. Need more tokens? Upgrade to Dev Tier today at https://console.groq.com/settings/billing","type":"tokens","code":"rate_limit_exceeded"}}

[156/640] R1 en blog       創業者時間管理      (69m22s ETA:282m)
  [ERROR] 429: {"error":{"message":"Rate limit reached for model `llama-3.3-70b-versatile` in organization `org_01kr0knk3weg38kx46ghwjwyk7` service tier `on_demand` on tokens per day (TPD): Limit 100000, Used 99015, Requested 2317. Please try again in 19m10.848s. Need more tokens? Upgrade to Dev Tier today at https://console.groq.com/settings/billing","type":"tokens","code":"rate_limit_exceeded"}}

[157/640] R1 en facebook   創業者時間管理      (69m47s ETA:281m)
  [ERROR] 429: {"error":{"message":"Rate limit reached for model `llama-3.3-70b-versatile` in organization `org_01kr0knk3weg38kx46ghwjwyk7` service tier `on_demand` on tokens per day (TPD): Limit 100000, Used 98986, Requested 2314. Please try again in 18m43.2s. Need more tokens? Upgrade to Dev Tier today at https://console.groq.com/settings/billing","type":"tokens","code":"rate_limit_exceeded"}}

[158/640] R1 en threads    創業者時間管理      (70m13s ETA:281m)
  [ERROR] 429: {"error":{"message":"Rate limit reached for model `llama-3.3-70b-versatile` in organization `org_01kr0knk3weg38kx46ghwjwyk7` service tier `on_demand` on tokens per day (TPD): Limit 100000, Used 98957, Requested 2315. Please try again in 18m19.008s. Need more tokens? Upgrade to Dev Tier today at https://console.groq.com/settings/billing","type":"tokens","code":"rate_limit_exceeded"}}

[159/640] R1 en linkedin   創業者時間管理      (70m38s ETA:280m)
  [ERROR] 429: {"error":{"message":"Rate limit reached for model `llama-3.3-70b-versatile` in organization `org_01kr0knk3weg38kx46ghwjwyk7` service tier `on_demand` on tokens per day (TPD): Limit 100000, Used 98927, Requested 2316. Please try again in 17m53.952s. Need more tokens? Upgrade to Dev Tier today at https://console.groq.com/settings/billing","type":"tokens","code":"rate_limit_exceeded"}}

[160/640] R1 en email      創業者時間管理      (71m3s ETA:280m)
  [ERROR] 429: {"error":{"message":"Rate limit reached for model `llama-3.3-70b-versatile` in organization `org_01kr0knk3weg38kx46ghwjwyk7` service tier `on_demand` on tokens per day (TPD): Limit 100000, Used 98898, Requested 2316. Please try again in 17m28.896s. Need more tokens? Upgrade to Dev Tier today at https://console.groq.com/settings/billing","type":"tokens","code":"rate_limit_exceeded"}}


============================================================
 第 2/2 輪 
============================================================

--- 語言: 繁體中文 ---
[161/640] R2 zh-tw blog       個人品牌故事與定位    (71m28s ETA:279m)
  [ERROR] 429: {"error":{"message":"Rate limit reached for model `llama-3.3-70b-versatile` in organization `org_01kr0knk3weg38kx46ghwjwyk7` service tier `on_demand` on tokens per day (TPD): Limit 100000, Used 98869, Requested 2322. Please try again in 17m9.024s. Need more tokens? Upgrade to Dev Tier today at https://console.groq.com/settings/billing","type":"tokens","code":"rate_limit_exceeded"}}

[162/640] R2 zh-tw facebook   個人品牌故事與定位    (71m53s ETA:278m)
  [ERROR] 429: {"error":{"message":"Rate limit reached for model `llama-3.3-70b-versatile` in organization `org_01kr0knk3weg38kx46ghwjwyk7` service tier `on_demand` on tokens per day (TPD): Limit 100000, Used 98840, Requested 2319. Please try again in 16m41.376s. Need more tokens? Upgrade to Dev Tier today at https://console.groq.com/settings/billing","type":"tokens","code":"rate_limit_exceeded"}}

[163/640] R2 zh-tw threads    個人品牌故事與定位    (72m19s ETA:278m)
  [ERROR] 429: {"error":{"message":"Rate limit reached for model `llama-3.3-70b-versatile` in organization `org_01kr0knk3weg38kx46ghwjwyk7` service tier `on_demand` on tokens per day (TPD): Limit 100000, Used 98811, Requested 2320. Please try again in 16m17.184s. Need more tokens? Upgrade to Dev Tier today at https://console.groq.com/settings/billing","type":"tokens","code":"rate_limit_exceeded"}}

[164/640] R2 zh-tw linkedin   個人品牌故事與定位    (72m44s ETA:277m)
  [ERROR] 429: {"error":{"message":"Rate limit reached for model `llama-3.3-70b-versatile` in organization `org_01kr0knk3weg38kx46ghwjwyk7` service tier `on_demand` on tokens per day (TPD): Limit 100000, Used 98781, Requested 2321. Please try again in 15m52.128s. Need more tokens? Upgrade to Dev Tier today at https://console.groq.com/settings/billing","type":"tokens","code":"rate_limit_exceeded"}}

[165/640] R2 zh-tw email      個人品牌故事與定位    (73m9s ETA:277m)
  [ERROR] 429: {"error":{"message":"Rate limit reached for model `llama-3.3-70b-versatile` in organization `org_01kr0knk3weg38kx46ghwjwyk7` service tier `on_demand` on tokens per day (TPD): Limit 100000, Used 98752, Requested 2321. Please try again in 15m27.072s. Need more tokens? Upgrade to Dev Tier today at https://console.groq.com/settings/billing","type":"tokens","code":"rate_limit_exceeded"}}

[166/640] R2 zh-tw blog       AI創業日記與心路歷程  (73m34s ETA:276m)
  [ERROR] 429: {"error":{"message":"Rate limit reached for model `llama-3.3-70b-versatile` in organization `org_01kr0knk3weg38kx46ghwjwyk7` service tier `on_demand` on tokens per day (TPD): Limit 100000, Used 98723, Requested 2326. Please try again in 15m6.335999999s. Need more tokens? Upgrade to Dev Tier today at https://console.groq.com/settings/billing","type":"tokens","code":"rate_limit_exceeded"}}

[167/640] R2 zh-tw facebook   AI創業日記與心路歷程  (74m0s ETA:275m)
  [ERROR] 429: {"error":{"message":"Rate limit reached for model `llama-3.3-70b-versatile` in organization `org_01kr0knk3weg38kx46ghwjwyk7` service tier `on_demand` on tokens per day (TPD): Limit 100000, Used 98694, Requested 2323. Please try again in 14m38.688s. Need more tokens? Upgrade to Dev Tier today at https://console.groq.com/settings/billing","type":"tokens","code":"rate_limit_exceeded"}}

[168/640] R2 zh-tw threads    AI創業日記與心路歷程  (74m25s ETA:275m)
  [ERROR] 429: {"error":{"message":"Rate limit reached for model `llama-3.3-70b-versatile` in organization `org_01kr0knk3weg38kx46ghwjwyk7` service tier `on_demand` on tokens per day (TPD): Limit 100000, Used 98664, Requested 2324. Please try again in 14m13.632s. Need more tokens? Upgrade to Dev Tier today at https://console.groq.com/settings/billing","type":"tokens","code":"rate_limit_exceeded"}}

[169/640] R2 zh-tw linkedin   AI創業日記與心路歷程  (74m50s ETA:274m)
  [ERROR] 429: {"error":{"message":"Rate limit reached for model `llama-3.3-70b-versatile` in organization `org_01kr0knk3weg38kx46ghwjwyk7` service tier `on_demand` on tokens per day (TPD): Limit 100000, Used 98635, Requested 2325. Please try again in 13m49.44s. Need more tokens? Upgrade to Dev Tier today at https://console.groq.com/settings/billing","type":"tokens","code":"rate_limit_exceeded"}}

[170/640] R2 zh-tw email      AI創業日記與心路歷程  (75m15s ETA:274m)
  [ERROR] 429: {"error":{"message":"Rate limit reached for model `llama-3.3-70b-versatile` in organization `org_01kr0knk3weg38kx46ghwjwyk7` service tier `on_demand` on tokens per day (TPD): Limit 100000, Used 98606, Requested 2325. Please try again in 13m24.384s. Need more tokens? Upgrade to Dev Tier today at https://console.groq.com/settings/billing","type":"tokens","code":"rate_limit_exceeded"}}

[171/640] R2 zh-tw blog       自動化行銷策略與技巧   (75m41s ETA:273m)
  [ERROR] 429: {"error":{"message":"Rate limit reached for model `llama-3.3-70b-versatile` in organization `org_01kr0knk3weg38kx46ghwjwyk7` service tier `on_demand` on tokens per day (TPD): Limit 100000, Used 98577, Requested 2325. Please try again in 12m59.328s. Need more tokens? Upgrade to Dev Tier today at https://console.groq.com/settings/billing","type":"tokens","code":"rate_limit_exceeded"}}

[172/640] R2 zh-tw facebook   自動化行銷策略與技巧   (76m6s ETA:273m)
  [ERROR] 429: {"error":{"message":"Rate limit reached for model `llama-3.3-70b-versatile` in organization `org_01kr0knk3weg38kx46ghwjwyk7` service tier `on_demand` on tokens per day (TPD): Limit 100000, Used 98548, Requested 2322. Please try again in 12m31.68s. Need more tokens? Upgrade to Dev Tier today at https://console.groq.com/settings/billing","type":"tokens","code":"rate_limit_exceeded"}}

[173/640] R2 zh-tw threads    自動化行銷策略與技巧   (76m31s ETA:272m)
  [ERROR] 429: {"error":{"message":"Rate limit reached for model `llama-3.3-70b-versatile` in organization `org_01kr0knk3weg38kx46ghwjwyk7` service tier `on_demand` on tokens per day (TPD): Limit 100000, Used 98518, Requested 2323. Please try again in 12m6.624s. Need more tokens? Upgrade to Dev Tier today at https://console.groq.com/settings/billing","type":"tokens","code":"rate_limit_exceeded"}}

[174/640] R2 zh-tw linkedin   自動化行銷策略與技巧   (76m56s ETA:271m)
  [ERROR] 429: {"error":{"message":"Rate limit reached for model `llama-3.3-70b-versatile` in organization `org_01kr0knk3weg38kx46ghwjwyk7` service tier `on_demand` on tokens per day (TPD): Limit 100000, Used 98489, Requested 2324. Please try again in 11m42.432s. Need more tokens? Upgrade to Dev Tier today at https://console.groq.com/settings/billing","type":"tokens","code":"rate_limit_exceeded"}}

[175/640] R2 zh-tw email      自動化行銷策略與技巧   (77m22s ETA:271m)
  [ERROR] 429: {"error":{"message":"Rate limit reached for model `llama-3.3-70b-versatile` in organization `org_01kr0knk3weg38kx46ghwjwyk7` service tier `on_demand` on tokens per day (TPD): Limit 100000, Used 98460, Requested 2324. Please try again in 11m17.376s. Need more tokens? Upgrade to Dev Tier today at https://console.groq.com/settings/billing","type":"tokens","code":"rate_limit_exceeded"}}

[176/640] R2 zh-tw blog       AI工具推薦與教學    (77m47s ETA:270m)
  [ERROR] 429: {"error":{"message":"Rate limit reached for model `llama-3.3-70b-versatile` in organization `org_01kr0knk3weg38kx46ghwjwyk7` service tier `on_demand` on tokens per day (TPD): Limit 100000, Used 98431, Requested 2322. Please try again in 10m50.592s. Need more tokens? Upgrade to Dev Tier today at https://console.groq.com/settings/billing","type":"tokens","code":"rate_limit_exceeded"}}

[177/640] R2 zh-tw facebook   AI工具推薦與教學    (78m12s ETA:270m)
  [ERROR] 429: {"error":{"message":"Rate limit reached for model `llama-3.3-70b-versatile` in organization `org_01kr0knk3weg38kx46ghwjwyk7` service tier `on_demand` on tokens per day (TPD): Limit 100000, Used 98402, Requested 2319. Please try again in 10m22.944s. Need more tokens? Upgrade to Dev Tier today at https://console.groq.com/settings/billing","type":"tokens","code":"rate_limit_exceeded"}}

[178/640] R2 zh-tw threads    AI工具推薦與教學    (78m37s ETA:269m)
  [ERROR] 429: {"error":{"message":"Rate limit reached for model `llama-3.3-70b-versatile` in organization `org_01kr0knk3weg38kx46ghwjwyk7` service tier `on_demand` on tokens per day (TPD): Limit 100000, Used 98373, Requested 2320. Please try again in 9m58.752s. Need more tokens? Upgrade to Dev Tier today at https://console.groq.com/settings/billing","type":"tokens","code":"rate_limit_exceeded"}}

[179/640] R2 zh-tw linkedin   AI工具推薦與教學    (79m2s ETA:268m)
  [ERROR] 429: {"error":{"message":"Rate limit reached for model `llama-3.3-70b-versatile` in organization `org_01kr0knk3weg38kx46ghwjwyk7` service tier `on_demand` on tokens per day (TPD): Limit 100000, Used 98343, Requested 2321. Please try again in 9m33.696s. Need more tokens? Upgrade to Dev Tier today at https://console.groq.com/settings/billing","type":"tokens","code":"rate_limit_exceeded"}}

[180/640] R2 zh-tw email      AI工具推薦與教學    (79m28s ETA:268m)
  [ERROR] 429: {"error":{"message":"Rate limit reached for model `llama-3.3-70b-versatile` in organization `org_01kr0knk3weg38kx46ghwjwyk7` service tier `on_demand` on tokens per day (TPD): Limit 100000, Used 98314, Requested 2321. Please try again in 9m8.64s. Need more tokens? Upgrade to Dev Tier today at https://console.groq.com/settings/billing","type":"tokens","code":"rate_limit_exceeded"}}

[181/640] R2 zh-tw blog       創業者生產力提升     (79m53s ETA:267m)
  [ERROR] 429: {"error":{"message":"Rate limit reached for model `llama-3.3-70b-versatile` in organization `org_01kr0knk3weg38kx46ghwjwyk7` service tier `on_demand` on tokens per day (TPD): Limit 100000, Used 98285, Requested 2323. Please try again in 8m45.312s. Need more tokens? Upgrade to Dev Tier today at https://console.groq.com/settings/billing","type":"tokens","code":"rate_limit_exceeded"}}

[182/640] R2 zh-tw facebook   創業者生產力提升     (80m18s ETA:267m)
  [ERROR] 429: {"error":{"message":"Rate limit reached for model `llama-3.3-70b-versatile` in organization `org_01kr0knk3weg38kx46ghwjwyk7` service tier `on_demand` on tokens per day (TPD): Limit 100000, Used 98256, Requested 2320. Please try again in 8m17.664s. Need more tokens? Upgrade to Dev Tier today at https://console.groq.com/settings/billing","type":"tokens","code":"rate_limit_exceeded"}}

[183/640] R2 zh-tw threads    創業者生產力提升     (80m43s ETA:266m)
  [ERROR] 429: {"error":{"message":"Rate limit reached for model `llama-3.3-70b-versatile` in organization `org_01kr0knk3weg38kx46ghwjwyk7` service tier `on_demand` on tokens per day (TPD): Limit 100000, Used 98227, Requested 2321. Please try again in 7m53.472s. Need more tokens? Upgrade to Dev Tier today at https://console.groq.com/settings/billing","type":"tokens","code":"rate_limit_exceeded"}}

[184/640] R2 zh-tw linkedin   創業者生產力提升     (81m9s ETA:266m)
  [ERROR] 429: {"error":{"message":"Rate limit reached for model `llama-3.3-70b-versatile` in organization `org_01kr0knk3weg38kx46ghwjwyk7` service tier `on_demand` on tokens per day (TPD): Limit 100000, Used 98197, Requested 2322. Please try again in 7m28.416s. Need more tokens? Upgrade to Dev Tier today at https://console.groq.com/settings/billing","type":"tokens","code":"rate_limit_exceeded"}}

[185/640] R2 zh-tw email      創業者生產力提升     (81m34s ETA:265m)
  [ERROR] 429: {"error":{"message":"Rate limit reached for model `llama-3.3-70b-versatile` in organization `org_01kr0knk3weg38kx46ghwjwyk7` service tier `on_demand` on tokens per day (TPD): Limit 100000, Used 98168, Requested 2322. Please try again in 7m3.36s. Need more tokens? Upgrade to Dev Tier today at https://console.groq.com/settings/billing","type":"tokens","code":"rate_limit_exceeded"}}

[186/640] R2 zh-tw blog       社群媒體經營術      (81m59s ETA:264m)
  [ERROR] 429: {"error":{"message":"Rate limit reached for model `llama-3.3-70b-versatile` in organization `org_01kr0knk3weg38kx46ghwjwyk7` service tier `on_demand` on tokens per day (TPD): Limit 100000, Used 98139, Requested 2323. Please try again in 6m39.168s. Need more tokens? Upgrade to Dev Tier today at https://console.groq.com/settings/billing","type":"tokens","code":"rate_limit_exceeded"}}

[187/640] R2 zh-tw facebook   社群媒體經營術      (82m24s ETA:264m)
  [ERROR] 429: {"error":{"message":"Rate limit reached for model `llama-3.3-70b-versatile` in organization `org_01kr0knk3weg38kx46ghwjwyk7` service tier `on_demand` on tokens per day (TPD): Limit 100000, Used 98110, Requested 2320. Please try again in 6m11.52s. Need more tokens? Upgrade to Dev Tier today at https://console.groq.com/settings/billing","type":"tokens","code":"rate_limit_exceeded"}}

[188/640] R2 zh-tw threads    社群媒體經營術      (82m49s ETA:263m)
  [ERROR] 429: {"error":{"message":"Rate limit reached for model `llama-3.3-70b-versatile` in organization `org_01kr0knk3weg38kx46ghwjwyk7` service tier `on_demand` on tokens per day (TPD): Limit 100000, Used 98080, Requested 2321. Please try again in 5m46.464s. Need more tokens? Upgrade to Dev Tier today at https://console.groq.com/settings/billing","type":"tokens","code":"rate_limit_exceeded"}}

[189/640] R2 zh-tw linkedin   社群媒體經營術      (83m15s ETA:263m)
  [ERROR] 429: {"error":{"message":"Rate limit reached for model `llama-3.3-70b-versatile` in organization `org_01kr0knk3weg38kx46ghwjwyk7` service tier `on_demand` on tokens per day (TPD): Limit 100000, Used 98051, Requested 2322. Please try again in 5m22.272s. Need more tokens? Upgrade to Dev Tier today at https://console.groq.com/settings/billing","type":"tokens","code":"rate_limit_exceeded"}}

[190/640] R2 zh-tw email      社群媒體經營術      (83m40s ETA:262m)
  [ERROR] 429: {"error":{"message":"Rate limit reached for model `llama-3.3-70b-versatile` in organization `org_01kr0knk3weg38kx46ghwjwyk7` service tier `on_demand` on tokens per day (TPD): Limit 100000, Used 98022, Requested 2322. Please try again in 4m57.216s. Need more tokens? Upgrade to Dev Tier today at https://console.groq.com/settings/billing","type":"tokens","code":"rate_limit_exceeded"}}

[191/640] R2 zh-tw blog       內容行銷趨勢       (84m5s ETA:261m)
  [ERROR] 429: {"error":{"message":"Rate limit reached for model `llama-3.3-70b-versatile` in organization `org_01kr0knk3weg38kx46ghwjwyk7` service tier `on_demand` on tokens per day (TPD): Limit 100000, Used 97993, Requested 2323. Please try again in 4m33.024s. Need more tokens? Upgrade to Dev Tier today at https://console.groq.com/settings/billing","type":"tokens","code":"rate_limit_exceeded"}}

[192/640] R2 zh-tw facebook   內容行銷趨勢       (84m30s ETA:261m)
  [ERROR] 429: {"error":{"message":"Rate limit reached for model `llama-3.3-70b-versatile` in organization `org_01kr0knk3weg38kx46ghwjwyk7` service tier `on_demand` on tokens per day (TPD): Limit 100000, Used 97964, Requested 2320. Please try again in 4m5.376s. Need more tokens? Upgrade to Dev Tier today at https://console.groq.com/settings/billing","type":"tokens","code":"rate_limit_exceeded"}}

[193/640] R2 zh-tw threads    內容行銷趨勢       (84m56s ETA:260m)
  [ERROR] 429: {"error":{"message":"Rate limit reached for model `llama-3.3-70b-versatile` in organization `org_01kr0knk3weg38kx46ghwjwyk7` service tier `on_demand` on tokens per day (TPD): Limit 100000, Used 97934, Requested 2321. Please try again in 3m40.32s. Need more tokens? Upgrade to Dev Tier today at https://console.groq.com/settings/billing","type":"tokens","code":"rate_limit_exceeded"}}

[194/640] R2 zh-tw linkedin   內容行銷趨勢       (85m21s ETA:260m)
  [ERROR] 429: {"error":{"message":"Rate limit reached for model `llama-3.3-70b-versatile` in organization `org_01kr0knk3weg38kx46ghwjwyk7` service tier `on_demand` on tokens per day (TPD): Limit 100000, Used 97904, Requested 2322. Please try again in 3m15.263999999s. Need more tokens? Upgrade to Dev Tier today at https://console.groq.com/settings/billing","type":"tokens","code":"rate_limit_exceeded"}}

[195/640] R2 zh-tw email      內容行銷趨勢       (85m47s ETA:259m)
  [ERROR] 429: {"error":{"message":"Rate limit reached for model `llama-3.3-70b-versatile` in organization `org_01kr0knk3weg38kx46ghwjwyk7` service tier `on_demand` on tokens per day (TPD): Limit 100000, Used 97875, Requested 2322. Please try again in 2m50.208s. Need more tokens? Upgrade to Dev Tier today at https://console.groq.com/settings/billing","type":"tokens","code":"rate_limit_exceeded"}}

[196/640] R2 zh-tw blog       品牌建立實戰       (86m12s ETA:259m)
  [ERROR] 429: {"error":{"message":"Rate limit reached for model `llama-3.3-70b-versatile` in organization `org_01kr0knk3weg38kx46ghwjwyk7` service tier `on_demand` on tokens per day (TPD): Limit 100000, Used 97846, Requested 2320. Please try again in 2m23.424s. Need more tokens? Upgrade to Dev Tier today at https://console.groq.com/settings/billing","type":"tokens","code":"rate_limit_exceeded"}}

[197/640] R2 zh-tw facebook   品牌建立實戰       (86m37s ETA:258m)
  [ERROR] 429: {"error":{"message":"Rate limit reached for model `llama-3.3-70b-versatile` in organization `org_01kr0knk3weg38kx46ghwjwyk7` service tier `on_demand` on tokens per day (TPD): Limit 100000, Used 97817, Requested 2317. Please try again in 1m55.776s. Need more tokens? Upgrade to Dev Tier today at https://console.groq.com/settings/billing","type":"tokens","code":"rate_limit_exceeded"}}

[198/640] R2 zh-tw threads    品牌建立實戰       (87m3s ETA:257m)
  [ERROR] 429: {"error":{"message":"Rate limit reached for model `llama-3.3-70b-versatile` in organization `org_01kr0knk3weg38kx46ghwjwyk7` service tier `on_demand` on tokens per day (TPD): Limit 100000, Used 97785, Requested 2318. Please try again in 1m28.992s. Need more tokens? Upgrade to Dev Tier today at https://console.groq.com/settings/billing","type":"tokens","code":"rate_limit_exceeded"}}

[199/640] R2 zh-tw linkedin   品牌建立實戰       (87m30s ETA:257m)
  [ERROR] 429: {"error":{"message":"Rate limit reached for model `llama-3.3-70b-versatile` in organization `org_01kr0knk3weg38kx46ghwjwyk7` service tier `on_demand` on tokens per day (TPD): Limit 100000, Used 97756, Requested 2319. Please try again in 1m4.8s. Need more tokens? Upgrade to Dev Tier today at https://console.groq.com/settings/billing","type":"tokens","code":"rate_limit_exceeded"}}

[200/640] R2 zh-tw email      品牌建立實戰       (87m55s ETA:256m)
  [ERROR] 429: {"error":{"message":"Rate limit reached for model `llama-3.3-70b-versatile` in organization `org_01kr0knk3weg38kx46ghwjwyk7` service tier `on_demand` on tokens per day (TPD): Limit 100000, Used 97726, Requested 2319. Please try again in 38.879999999s. Need more tokens? Upgrade to Dev Tier today at https://console.groq.com/settings/billing","type":"tokens","code":"rate_limit_exceeded"}}

[201/640] R2 zh-tw blog       AI客服與客戶體驗    (88m21s ETA:256m)
  [ERROR] 429: {"error":{"message":"Rate limit reached for model `llama-3.3-70b-versatile` in organization `org_01kr0knk3weg38kx46ghwjwyk7` service tier `on_demand` on tokens per day (TPD): Limit 100000, Used 97697, Requested 2324. Please try again in 18.144s. Need more tokens? Upgrade to Dev Tier today at https://console.groq.com/settings/billing","type":"tokens","code":"rate_limit_exceeded"}}

[202/640] R2 zh-tw facebook   AI客服與客戶體驗    (88m46s ETA:255m)
  -> 202_zh-tw_facebook_AI客服與客戶體驗.md
[203/640] R2 zh-tw threads    AI客服與客戶體驗    (89m13s ETA:254m)
  [ERROR] 429: {"error":{"message":"Rate limit reached for model `llama-3.3-70b-versatile` in organization `org_01kr0knk3weg38kx46ghwjwyk7` service tier `on_demand` on tokens per day (TPD): Limit 100000, Used 99971, Requested 2322. Please try again in 33m1.151999999s. Need more tokens? Upgrade to Dev Tier today at https://console.groq.com/settings/billing","type":"tokens","code":"rate_limit_exceeded"}}

[204/640] R2 zh-tw linkedin   AI客服與客戶體驗    (89m38s ETA:254m)
  [ERROR] 429: {"error":{"message":"Rate limit reached for model `llama-3.3-70b-versatile` in organization `org_01kr0knk3weg38kx46ghwjwyk7` service tier `on_demand` on tokens per day (TPD): Limit 100000, Used 99942, Requested 556. Please try again in 7m10.272s. Need more tokens? Upgrade to Dev Tier today at https://console.groq.com/settings/billing","type":"tokens","code":"rate_limit_exceeded"}}

[205/640] R2 zh-tw email      AI客服與客戶體驗    (90m3s ETA:253m)
  [ERROR] 429: {"error":{"message":"Rate limit reached for model `llama-3.3-70b-versatile` in organization `org_01kr0knk3weg38kx46ghwjwyk7` service tier `on_demand` on tokens per day (TPD): Limit 100000, Used 99913, Requested 2323. Please try again in 32m11.904s. Need more tokens? Upgrade to Dev Tier today at https://console.groq.com/settings/billing","type":"tokens","code":"rate_limit_exceeded"}}

[206/640] R2 zh-tw blog       低成本創業方法      (90m28s ETA:253m)
  [ERROR] 429: {"error":{"message":"Rate limit reached for model `llama-3.3-70b-versatile` in organization `org_01kr0knk3weg38kx46ghwjwyk7` service tier `on_demand` on tokens per day (TPD): Limit 100000, Used 99884, Requested 554. Please try again in 6m18.432s. Need more tokens? Upgrade to Dev Tier today at https://console.groq.com/settings/billing","type":"tokens","code":"rate_limit_exceeded"}}

[207/640] R2 zh-tw facebook   低成本創業方法      (90m54s ETA:252m)
  [ERROR] 429: {"error":{"message":"Rate limit reached for model `llama-3.3-70b-versatile` in organization `org_01kr0knk3weg38kx46ghwjwyk7` service tier `on_demand` on tokens per day (TPD): Limit 100000, Used 99854, Requested 2318. Please try again in 31m16.608s. Need more tokens? Upgrade to Dev Tier today at https://console.groq.com/settings/billing","type":"tokens","code":"rate_limit_exceeded"}}

[208/640] R2 zh-tw threads    低成本創業方法      (91m19s ETA:252m)
  [ERROR] 429: {"error":{"message":"Rate limit reached for model `llama-3.3-70b-versatile` in organization `org_01kr0knk3weg38kx46ghwjwyk7` service tier `on_demand` on tokens per day (TPD): Limit 100000, Used 99825, Requested 2319. Please try again in 30m52.416s. Need more tokens? Upgrade to Dev Tier today at https://console.groq.com/settings/billing","type":"tokens","code":"rate_limit_exceeded"}}

[209/640] R2 zh-tw linkedin   低成本創業方法      (91m44s ETA:251m)
  [ERROR] 429: {"error":{"message":"Rate limit reached for model `llama-3.3-70b-versatile` in organization `org_01kr0knk3weg38kx46ghwjwyk7` service tier `on_demand` on tokens per day (TPD): Limit 100000, Used 99795, Requested 553. Please try again in 5m0.672s. Need more tokens? Upgrade to Dev Tier today at https://console.groq.com/settings/billing","type":"tokens","code":"rate_limit_exceeded"}}

[210/640] R2 zh-tw email      低成本創業方法      (92m10s ETA:250m)
  [ERROR] 429: {"error":{"message":"Rate limit reached for model `llama-3.3-70b-versatile` in organization `org_01kr0knk3weg38kx46ghwjwyk7` service tier `on_demand` on tokens per day (TPD): Limit 100000, Used 99766, Requested 2320. Please try again in 30m2.304s. Need more tokens? Upgrade to Dev Tier today at https://console.groq.com/settings/billing","type":"tokens","code":"rate_limit_exceeded"}}

[211/640] R2 zh-tw blog       知識變現策略       (92m35s ETA:250m)
  [ERROR] 429: {"error":{"message":"Rate limit reached for model `llama-3.3-70b-versatile` in organization `org_01kr0knk3weg38kx46ghwjwyk7` service tier `on_demand` on tokens per day (TPD): Limit 100000, Used 99737, Requested 2322. Please try again in 29m38.976s. Need more tokens? Upgrade to Dev Tier today at https://console.groq.com/settings/billing","type":"tokens","code":"rate_limit_exceeded"}}

[212/640] R2 zh-tw facebook   知識變現策略       (93m1s ETA:249m)
  [ERROR] 429: {"error":{"message":"Rate limit reached for model `llama-3.3-70b-versatile` in organization `org_01kr0knk3weg38kx46ghwjwyk7` service tier `on_demand` on tokens per day (TPD): Limit 100000, Used 99708, Requested 552. Please try again in 3m44.64s. Need more tokens? Upgrade to Dev Tier today at https://console.groq.com/settings/billing","type":"tokens","code":"rate_limit_exceeded"}}

[213/640] R2 zh-tw threads    知識變現策略       (93m26s ETA:249m)
  [ERROR] 429: {"error":{"message":"Rate limit reached for model `llama-3.3-70b-versatile` in organization `org_01kr0knk3weg38kx46ghwjwyk7` service tier `on_demand` on tokens per day (TPD): Limit 100000, Used 99678, Requested 553. Please try again in 3m19.584s. Need more tokens? Upgrade to Dev Tier today at https://console.groq.com/settings/billing","type":"tokens","code":"rate_limit_exceeded"}}

[214/640] R2 zh-tw linkedin   知識變現策略       (93m51s ETA:248m)
  [ERROR] 429: {"error":{"message":"Rate limit reached for model `llama-3.3-70b-versatile` in organization `org_01kr0knk3weg38kx46ghwjwyk7` service tier `on_demand` on tokens per day (TPD): Limit 100000, Used 99649, Requested 2321. Please try again in 28m22.08s. Need more tokens? Upgrade to Dev Tier today at https://console.groq.com/settings/billing","type":"tokens","code":"rate_limit_exceeded"}}

[215/640] R2 zh-tw email      知識變現策略       (94m16s ETA:247m)
  [ERROR] 429: {"error":{"message":"Rate limit reached for model `llama-3.3-70b-versatile` in organization `org_01kr0knk3weg38kx46ghwjwyk7` service tier `on_demand` on tokens per day (TPD): Limit 100000, Used 99620, Requested 2321. Please try again in 27m57.024s. Need more tokens? Upgrade to Dev Tier today at https://console.groq.com/settings/billing","type":"tokens","code":"rate_limit_exceeded"}}

[216/640] R2 zh-tw blog       自媒體經營入門      (94m41s ETA:247m)
  [ERROR] 429: {"error":{"message":"Rate limit reached for model `llama-3.3-70b-versatile` in organization `org_01kr0knk3weg38kx46ghwjwyk7` service tier `on_demand` on tokens per day (TPD): Limit 100000, Used 99590, Requested 2323. Please try again in 27m32.832s. Need more tokens? Upgrade to Dev Tier today at https://console.groq.com/settings/billing","type":"tokens","code":"rate_limit_exceeded"}}

[217/640] R2 zh-tw facebook   自媒體經營入門      (95m7s ETA:246m)
  [ERROR] 429: {"error":{"message":"Rate limit reached for model `llama-3.3-70b-versatile` in organization `org_01kr0knk3weg38kx46ghwjwyk7` service tier `on_demand` on tokens per day (TPD): Limit 100000, Used 99561, Requested 2320. Please try again in 27m5.184s. Need more tokens? Upgrade to Dev Tier today at https://console.groq.com/settings/billing","type":"tokens","code":"rate_limit_exceeded"}}

[218/640] R2 zh-tw threads    自媒體經營入門      (95m32s ETA:246m)
  [ERROR] 429: {"error":{"message":"Rate limit reached for model `llama-3.3-70b-versatile` in organization `org_01kr0knk3weg38kx46ghwjwyk7` service tier `on_demand` on tokens per day (TPD): Limit 100000, Used 99532, Requested 2321. Please try again in 26m40.992s. Need more tokens? Upgrade to Dev Tier today at https://console.groq.com/settings/billing","type":"tokens","code":"rate_limit_exceeded"}}

[219/640] R2 zh-tw linkedin   自媒體經營入門      (95m58s ETA:245m)
  [ERROR] 429: {"error":{"message":"Rate limit reached for model `llama-3.3-70b-versatile` in organization `org_01kr0knk3weg38kx46ghwjwyk7` service tier `on_demand` on tokens per day (TPD): Limit 100000, Used 99503, Requested 2322. Please try again in 26m16.8s. Need more tokens? Upgrade to Dev Tier today at https://console.groq.com/settings/billing","type":"tokens","code":"rate_limit_exceeded"}}

[220/640] R2 zh-tw email      自媒體經營入門      (96m23s ETA:245m)
  [ERROR] 429: {"error":{"message":"Rate limit reached for model `llama-3.3-70b-versatile` in organization `org_01kr0knk3weg38kx46ghwjwyk7` service tier `on_demand` on tokens per day (TPD): Limit 100000, Used 99473, Requested 2322. Please try again in 25m50.88s. Need more tokens? Upgrade to Dev Tier today at https://console.groq.com/settings/billing","type":"tokens","code":"rate_limit_exceeded"}}

[221/640] R2 zh-tw blog       AI時代的職涯規劃    (96m48s ETA:244m)
  [ERROR] 429: {"error":{"message":"Rate limit reached for model `llama-3.3-70b-versatile` in organization `org_01kr0knk3weg38kx46ghwjwyk7` service tier `on_demand` on tokens per day (TPD): Limit 100000, Used 99444, Requested 2324. Please try again in 25m27.552s. Need more tokens? Upgrade to Dev Tier today at https://console.groq.com/settings/billing","type":"tokens","code":"rate_limit_exceeded"}}

[222/640] R2 zh-tw facebook   AI時代的職涯規劃    (97m13s ETA:243m)
  [ERROR] 429: {"error":{"message":"Rate limit reached for model `llama-3.3-70b-versatile` in organization `org_01kr0knk3weg38kx46ghwjwyk7` service tier `on_demand` on tokens per day (TPD): Limit 100000, Used 99415, Requested 2321. Please try again in 24m59.904s. Need more tokens? Upgrade to Dev Tier today at https://console.groq.com/settings/billing","type":"tokens","code":"rate_limit_exceeded"}}

[223/640] R2 zh-tw threads    AI時代的職涯規劃    (97m38s ETA:243m)
  [ERROR] 429: {"error":{"message":"Rate limit reached for model `llama-3.3-70b-versatile` in organization `org_01kr0knk3weg38kx46ghwjwyk7` service tier `on_demand` on tokens per day (TPD): Limit 100000, Used 99386, Requested 2322. Please try again in 24m35.712s. Need more tokens? Upgrade to Dev Tier today at https://console.groq.com/settings/billing","type":"tokens","code":"rate_limit_exceeded"}}

[224/640] R2 zh-tw linkedin   AI時代的職涯規劃    (98m4s ETA:242m)
  [ERROR] 429: {"error":{"message":"Rate limit reached for model `llama-3.3-70b-versatile` in organization `org_01kr0knk3weg38kx46ghwjwyk7` service tier `on_demand` on tokens per day (TPD): Limit 100000, Used 99357, Requested 2323. Please try again in 24m11.52s. Need more tokens? Upgrade to Dev Tier today at https://console.groq.com/settings/billing","type":"tokens","code":"rate_limit_exceeded"}}

[225/640] R2 zh-tw email      AI時代的職涯規劃    (98m29s ETA:242m)
  [ERROR] 429: {"error":{"message":"Rate limit reached for model `llama-3.3-70b-versatile` in organization `org_01kr0knk3weg38kx46ghwjwyk7` service tier `on_demand` on tokens per day (TPD): Limit 100000, Used 99327, Requested 2323. Please try again in 23m45.6s. Need more tokens? Upgrade to Dev Tier today at https://console.groq.com/settings/billing","type":"tokens","code":"rate_limit_exceeded"}}

[226/640] R2 zh-tw blog       自動化銷售漏斗      (98m54s ETA:241m)
  [ERROR] 429: {"error":{"message":"Rate limit reached for model `llama-3.3-70b-versatile` in organization `org_01kr0knk3weg38kx46ghwjwyk7` service tier `on_demand` on tokens per day (TPD): Limit 100000, Used 99298, Requested 2322. Please try again in 23m19.679999999s. Need more tokens? Upgrade to Dev Tier today at https://console.groq.com/settings/billing","type":"tokens","code":"rate_limit_exceeded"}}

[227/640] R2 zh-tw facebook   自動化銷售漏斗      (99m19s ETA:240m)
  [ERROR] 429: {"error":{"message":"Rate limit reached for model `llama-3.3-70b-versatile` in organization `org_01kr0knk3weg38kx46ghwjwyk7` service tier `on_demand` on tokens per day (TPD): Limit 100000, Used 99269, Requested 2319. Please try again in 22m52.032s. Need more tokens? Upgrade to Dev Tier today at https://console.groq.com/settings/billing","type":"tokens","code":"rate_limit_exceeded"}}

[228/640] R2 zh-tw threads    自動化銷售漏斗      (99m45s ETA:240m)
  [ERROR] 429: {"error":{"message":"Rate limit reached for model `llama-3.3-70b-versatile` in organization `org_01kr0knk3weg38kx46ghwjwyk7` service tier `on_demand` on tokens per day (TPD): Limit 100000, Used 99240, Requested 2320. Please try again in 22m27.84s. Need more tokens? Upgrade to Dev Tier today at https://console.groq.com/settings/billing","type":"tokens","code":"rate_limit_exceeded"}}

[229/640] R2 zh-tw linkedin   自動化銷售漏斗      (100m10s ETA:239m)
  [ERROR] 429: {"error":{"message":"Rate limit reached for model `llama-3.3-70b-versatile` in organization `org_01kr0knk3weg38kx46ghwjwyk7` service tier `on_demand` on tokens per day (TPD): Limit 100000, Used 99211, Requested 2321. Please try again in 22m3.648s. Need more tokens? Upgrade to Dev Tier today at https://console.groq.com/settings/billing","type":"tokens","code":"rate_limit_exceeded"}}

[230/640] R2 zh-tw email      自動化銷售漏斗      (100m35s ETA:239m)
  [ERROR] 429: {"error":{"message":"Rate limit reached for model `llama-3.3-70b-versatile` in organization `org_01kr0knk3weg38kx46ghwjwyk7` service tier `on_demand` on tokens per day (TPD): Limit 100000, Used 99181, Requested 2321. Please try again in 21m37.728s. Need more tokens? Upgrade to Dev Tier today at https://console.groq.com/settings/billing","type":"tokens","code":"rate_limit_exceeded"}}

[231/640] R2 zh-tw blog       數據驅動行銷       (101m0s ETA:238m)
  [ERROR] 429: {"error":{"message":"Rate limit reached for model `llama-3.3-70b-versatile` in organization `org_01kr0knk3weg38kx46ghwjwyk7` service tier `on_demand` on tokens per day (TPD): Limit 100000, Used 99152, Requested 2323. Please try again in 21m14.399999999s. Need more tokens? Upgrade to Dev Tier today at https://console.groq.com/settings/billing","type":"tokens","code":"rate_limit_exceeded"}}

[232/640] R2 zh-tw facebook   數據驅動行銷       (101m26s ETA:238m)
  [ERROR] 429: {"error":{"message":"Rate limit reached for model `llama-3.3-70b-versatile` in organization `org_01kr0knk3weg38kx46ghwjwyk7` service tier `on_demand` on tokens per day (TPD): Limit 100000, Used 99123, Requested 2320. Please try again in 20m46.752s. Need more tokens? Upgrade to Dev Tier today at https://console.groq.com/settings/billing","type":"tokens","code":"rate_limit_exceeded"}}

[233/640] R2 zh-tw threads    數據驅動行銷       (101m51s ETA:237m)
  [ERROR] 429: {"error":{"message":"Rate limit reached for model `llama-3.3-70b-versatile` in organization `org_01kr0knk3weg38kx46ghwjwyk7` service tier `on_demand` on tokens per day (TPD): Limit 100000, Used 99094, Requested 2321. Please try again in 20m22.56s. Need more tokens? Upgrade to Dev Tier today at https://console.groq.com/settings/billing","type":"tokens","code":"rate_limit_exceeded"}}

[234/640] R2 zh-tw linkedin   數據驅動行銷       (102m16s ETA:236m)
  [ERROR] 429: {"error":{"message":"Rate limit reached for model `llama-3.3-70b-versatile` in organization `org_01kr0knk3weg38kx46ghwjwyk7` service tier `on_demand` on tokens per day (TPD): Limit 100000, Used 99065, Requested 2322. Please try again in 19m58.368s. Need more tokens? Upgrade to Dev Tier today at https://console.groq.com/settings/billing","type":"tokens","code":"rate_limit_exceeded"}}

[235/640] R2 zh-tw email      數據驅動行銷       (102m41s ETA:236m)
  [ERROR] 429: {"error":{"message":"Rate limit reached for model `llama-3.3-70b-versatile` in organization `org_01kr0knk3weg38kx46ghwjwyk7` service tier `on_demand` on tokens per day (TPD): Limit 100000, Used 99035, Requested 2322. Please try again in 19m32.448s. Need more tokens? Upgrade to Dev Tier today at https://console.groq.com/settings/billing","type":"tokens","code":"rate_limit_exceeded"}}

[236/640] R2 zh-tw blog       創業者時間管理      (103m6s ETA:235m)
  [ERROR] 429: {"error":{"message":"Rate limit reached for model `llama-3.3-70b-versatile` in organization `org_01kr0knk3weg38kx46ghwjwyk7` service tier `on_demand` on tokens per day (TPD): Limit 100000, Used 99006, Requested 2321. Please try again in 19m6.528s. Need more tokens? Upgrade to Dev Tier today at https://console.groq.com/settings/billing","type":"tokens","code":"rate_limit_exceeded"}}

[237/640] R2 zh-tw facebook   創業者時間管理      (103m32s ETA:235m)
  [ERROR] 429: {"error":{"message":"Rate limit reached for model `llama-3.3-70b-versatile` in organization `org_01kr0knk3weg38kx46ghwjwyk7` service tier `on_demand` on tokens per day (TPD): Limit 100000, Used 98977, Requested 2318. Please try again in 18m38.88s. Need more tokens? Upgrade to Dev Tier today at https://console.groq.com/settings/billing","type":"tokens","code":"rate_limit_exceeded"}}

[238/640] R2 zh-tw threads    創業者時間管理      (103m57s ETA:234m)
  [ERROR] 429: {"error":{"message":"Rate limit reached for model `llama-3.3-70b-versatile` in organization `org_01kr0knk3weg38kx46ghwjwyk7` service tier `on_demand` on tokens per day (TPD): Limit 100000, Used 98947, Requested 2319. Please try again in 18m13.823999999s. Need more tokens? Upgrade to Dev Tier today at https://console.groq.com/settings/billing","type":"tokens","code":"rate_limit_exceeded"}}

[239/640] R2 zh-tw linkedin   創業者時間管理      (104m23s ETA:233m)
  [ERROR] 429: {"error":{"message":"Rate limit reached for model `llama-3.3-70b-versatile` in organization `org_01kr0knk3weg38kx46ghwjwyk7` service tier `on_demand` on tokens per day (TPD): Limit 100000, Used 98918, Requested 2320. Please try again in 17m49.632s. Need more tokens? Upgrade to Dev Tier today at https://console.groq.com/settings/billing","type":"tokens","code":"rate_limit_exceeded"}}

[240/640] R2 zh-tw email      創業者時間管理      (104m48s ETA:233m)
  [ERROR] 429: {"error":{"message":"Rate limit reached for model `llama-3.3-70b-versatile` in organization `org_01kr0knk3weg38kx46ghwjwyk7` service tier `on_demand` on tokens per day (TPD): Limit 100000, Used 98889, Requested 2320. Please try again in 17m24.576s. Need more tokens? Upgrade to Dev Tier today at https://console.groq.com/settings/billing","type":"tokens","code":"rate_limit_exceeded"}}


--- 語言: English ---
[241/640] R2 en blog       個人品牌故事與定位    (105m13s ETA:232m)
  [ERROR] 429: {"error":{"message":"Rate limit reached for model `llama-3.3-70b-versatile` in organization `org_01kr0knk3weg38kx46ghwjwyk7` service tier `on_demand` on tokens per day (TPD): Limit 100000, Used 98860, Requested 2318. Please try again in 16m57.792s. Need more tokens? Upgrade to Dev Tier today at https://console.groq.com/settings/billing","type":"tokens","code":"rate_limit_exceeded"}}

[242/640] R2 en facebook   個人品牌故事與定位    (105m38s ETA:232m)
  [ERROR] 429: {"error":{"message":"Rate limit reached for model `llama-3.3-70b-versatile` in organization `org_01kr0knk3weg38kx46ghwjwyk7` service tier `on_demand` on tokens per day (TPD): Limit 100000, Used 98831, Requested 2315. Please try again in 16m30.144s. Need more tokens? Upgrade to Dev Tier today at https://console.groq.com/settings/billing","type":"tokens","code":"rate_limit_exceeded"}}

[243/640] R2 en threads    個人品牌故事與定位    (106m3s ETA:231m)
  [ERROR] 429: {"error":{"message":"Rate limit reached for model `llama-3.3-70b-versatile` in organization `org_01kr0knk3weg38kx46ghwjwyk7` service tier `on_demand` on tokens per day (TPD): Limit 100000, Used 98801, Requested 2316. Please try again in 16m5.088s. Need more tokens? Upgrade to Dev Tier today at https://console.groq.com/settings/billing","type":"tokens","code":"rate_limit_exceeded"}}

[244/640] R2 en linkedin   個人品牌故事與定位    (106m29s ETA:231m)
  [ERROR] 429: {"error":{"message":"Rate limit reached for model `llama-3.3-70b-versatile` in organization `org_01kr0knk3weg38kx46ghwjwyk7` service tier `on_demand` on tokens per day (TPD): Limit 100000, Used 98772, Requested 2317. Please try again in 15m40.896s. Need more tokens? Upgrade to Dev Tier today at https://console.groq.com/settings/billing","type":"tokens","code":"rate_limit_exceeded"}}

[245/640] R2 en email      個人品牌故事與定位    (106m54s ETA:230m)
  [ERROR] 429: {"error":{"message":"Rate limit reached for model `llama-3.3-70b-versatile` in organization `org_01kr0knk3weg38kx46ghwjwyk7` service tier `on_demand` on tokens per day (TPD): Limit 100000, Used 98743, Requested 2317. Please try again in 15m15.84s. Need more tokens? Upgrade to Dev Tier today at https://console.groq.com/settings/billing","type":"tokens","code":"rate_limit_exceeded"}}

[246/640] R2 en blog       AI創業日記與心路歷程  (107m19s ETA:229m)
  [ERROR] 429: {"error":{"message":"Rate limit reached for model `llama-3.3-70b-versatile` in organization `org_01kr0knk3weg38kx46ghwjwyk7` service tier `on_demand` on tokens per day (TPD): Limit 100000, Used 98714, Requested 2322. Please try again in 14m55.103999999s. Need more tokens? Upgrade to Dev Tier today at https://console.groq.com/settings/billing","type":"tokens","code":"rate_limit_exceeded"}}

[247/640] R2 en facebook   AI創業日記與心路歷程  (107m44s ETA:229m)
  [ERROR] 429: {"error":{"message":"Rate limit reached for model `llama-3.3-70b-versatile` in organization `org_01kr0knk3weg38kx46ghwjwyk7` service tier `on_demand` on tokens per day (TPD): Limit 100000, Used 98685, Requested 2319. Please try again in 14m27.456s. Need more tokens? Upgrade to Dev Tier today at https://console.groq.com/settings/billing","type":"tokens","code":"rate_limit_exceeded"}}

[248/640] R2 en threads    AI創業日記與心路歷程  (108m10s ETA:228m)
  [ERROR] 429: {"error":{"message":"Rate limit reached for model `llama-3.3-70b-versatile` in organization `org_01kr0knk3weg38kx46ghwjwyk7` service tier `on_demand` on tokens per day (TPD): Limit 100000, Used 98653, Requested 2320. Please try again in 14m0.672s. Need more tokens? Upgrade to Dev Tier today at https://console.groq.com/settings/billing","type":"tokens","code":"rate_limit_exceeded"}}

[249/640] R2 en linkedin   AI創業日記與心路歷程  (108m37s ETA:228m)
  [ERROR] 429: {"error":{"message":"Rate limit reached for model `llama-3.3-70b-versatile` in organization `org_01kr0knk3weg38kx46ghwjwyk7` service tier `on_demand` on tokens per day (TPD): Limit 100000, Used 98624, Requested 2321. Please try again in 13m36.48s. Need more tokens? Upgrade to Dev Tier today at https://console.groq.com/settings/billing","type":"tokens","code":"rate_limit_exceeded"}}

[250/640] R2 en email      AI創業日記與心路歷程  (109m2s ETA:227m)
  [ERROR] 429: {"error":{"message":"Rate limit reached for model `llama-3.3-70b-versatile` in organization `org_01kr0knk3weg38kx46ghwjwyk7` service tier `on_demand` on tokens per day (TPD): Limit 100000, Used 98594, Requested 2321. Please try again in 13m10.56s. Need more tokens? Upgrade to Dev Tier today at https://console.groq.com/settings/billing","type":"tokens","code":"rate_limit_exceeded"}}

[251/640] R2 en blog       自動化行銷策略與技巧   (109m28s ETA:226m)
  [ERROR] 429: {"error":{"message":"Rate limit reached for model `llama-3.3-70b-versatile` in organization `org_01kr0knk3weg38kx46ghwjwyk7` service tier `on_demand` on tokens per day (TPD): Limit 100000, Used 98565, Requested 2321. Please try again in 12m45.504s. Need more tokens? Upgrade to Dev Tier today at https://console.groq.com/settings/billing","type":"tokens","code":"rate_limit_exceeded"}}

[252/640] R2 en facebook   自動化行銷策略與技巧   (109m53s ETA:226m)
  [ERROR] 429: {"error":{"message":"Rate limit reached for model `llama-3.3-70b-versatile` in organization `org_01kr0knk3weg38kx46ghwjwyk7` service tier `on_demand` on tokens per day (TPD): Limit 100000, Used 98536, Requested 2318. Please try again in 12m17.856s. Need more tokens? Upgrade to Dev Tier today at https://console.groq.com/settings/billing","type":"tokens","code":"rate_limit_exceeded"}}

[253/640] R2 en threads    自動化行銷策略與技巧   (110m18s ETA:225m)
  [ERROR] 429: {"error":{"message":"Rate limit reached for model `llama-3.3-70b-versatile` in organization `org_01kr0knk3weg38kx46ghwjwyk7` service tier `on_demand` on tokens per day (TPD): Limit 100000, Used 98506, Requested 2319. Please try again in 11m52.8s. Need more tokens? Upgrade to Dev Tier today at https://console.groq.com/settings/billing","type":"tokens","code":"rate_limit_exceeded"}}

[254/640] R2 en linkedin   自動化行銷策略與技巧   (110m44s ETA:225m)
  [ERROR] 429: {"error":{"message":"Rate limit reached for model `llama-3.3-70b-versatile` in organization `org_01kr0knk3weg38kx46ghwjwyk7` service tier `on_demand` on tokens per day (TPD): Limit 100000, Used 98477, Requested 2320. Please try again in 11m28.608s. Need more tokens? Upgrade to Dev Tier today at https://console.groq.com/settings/billing","type":"tokens","code":"rate_limit_exceeded"}}

[255/640] R2 en email      自動化行銷策略與技巧   (111m9s ETA:224m)
  [ERROR] 429: {"error":{"message":"Rate limit reached for model `llama-3.3-70b-versatile` in organization `org_01kr0knk3weg38kx46ghwjwyk7` service tier `on_demand` on tokens per day (TPD): Limit 100000, Used 98447, Requested 2320. Please try again in 11m2.688s. Need more tokens? Upgrade to Dev Tier today at https://console.groq.com/settings/billing","type":"tokens","code":"rate_limit_exceeded"}}

[256/640] R2 en blog       AI工具推薦與教學    (111m35s ETA:224m)
  [ERROR] 429: {"error":{"message":"Rate limit reached for model `llama-3.3-70b-versatile` in organization `org_01kr0knk3weg38kx46ghwjwyk7` service tier `on_demand` on tokens per day (TPD): Limit 100000, Used 98418, Requested 2318. Please try again in 10m35.904s. Need more tokens? Upgrade to Dev Tier today at https://console.groq.com/settings/billing","type":"tokens","code":"rate_limit_exceeded"}}

[257/640] R2 en facebook   AI工具推薦與教學    (112m0s ETA:223m)
  [ERROR] 429: {"error":{"message":"Rate limit reached for model `llama-3.3-70b-versatile` in organization `org_01kr0knk3weg38kx46ghwjwyk7` service tier `on_demand` on tokens per day (TPD): Limit 100000, Used 98389, Requested 2315. Please try again in 10m8.256s. Need more tokens? Upgrade to Dev Tier today at https://console.groq.com/settings/billing","type":"tokens","code":"rate_limit_exceeded"}}

[258/640] R2 en threads    AI工具推薦與教學    (112m25s ETA:222m)
  [ERROR] 429: {"error":{"message":"Rate limit reached for model `llama-3.3-70b-versatile` in organization `org_01kr0knk3weg38kx46ghwjwyk7` service tier `on_demand` on tokens per day (TPD): Limit 100000, Used 98360, Requested 2316. Please try again in 9m44.064s. Need more tokens? Upgrade to Dev Tier today at https://console.groq.com/settings/billing","type":"tokens","code":"rate_limit_exceeded"}}

[259/640] R2 en linkedin   AI工具推薦與教學    (112m50s ETA:222m)
  [ERROR] 429: {"error":{"message":"Rate limit reached for model `llama-3.3-70b-versatile` in organization `org_01kr0knk3weg38kx46ghwjwyk7` service tier `on_demand` on tokens per day (TPD): Limit 100000, Used 98330, Requested 2317. Please try again in 9m19.008s. Need more tokens? Upgrade to Dev Tier today at https://console.groq.com/settings/billing","type":"tokens","code":"rate_limit_exceeded"}}

[260/640] R2 en email      AI工具推薦與教學    (113m16s ETA:221m)
  [ERROR] 429: {"error":{"message":"Rate limit reached for model `llama-3.3-70b-versatile` in organization `org_01kr0knk3weg38kx46ghwjwyk7` service tier `on_demand` on tokens per day (TPD): Limit 100000, Used 98301, Requested 2317. Please try again in 8m53.952s. Need more tokens? Upgrade to Dev Tier today at https://console.groq.com/settings/billing","type":"tokens","code":"rate_limit_exceeded"}}

[261/640] R2 en blog       創業者生產力提升     (113m41s ETA:221m)
  [ERROR] 429: {"error":{"message":"Rate limit reached for model `llama-3.3-70b-versatile` in organization `org_01kr0knk3weg38kx46ghwjwyk7` service tier `on_demand` on tokens per day (TPD): Limit 100000, Used 98272, Requested 2319. Please try again in 8m30.624s. Need more tokens? Upgrade to Dev Tier today at https://console.groq.com/settings/billing","type":"tokens","code":"rate_limit_exceeded"}}

[262/640] R2 en facebook   創業者生產力提升     (114m6s ETA:220m)
  [ERROR] 429: {"error":{"message":"Rate limit reached for model `llama-3.3-70b-versatile` in organization `org_01kr0knk3weg38kx46ghwjwyk7` service tier `on_demand` on tokens per day (TPD): Limit 100000, Used 98243, Requested 2316. Please try again in 8m2.976s. Need more tokens? Upgrade to Dev Tier today at https://console.groq.com/settings/billing","type":"tokens","code":"rate_limit_exceeded"}}

[263/640] R2 en threads    創業者生產力提升     (114m31s ETA:219m)
  [ERROR] 429: {"error":{"message":"Rate limit reached for model `llama-3.3-70b-versatile` in organization `org_01kr0knk3weg38kx46ghwjwyk7` service tier `on_demand` on tokens per day (TPD): Limit 100000, Used 98210, Requested 2317. Please try again in 7m35.328s. Need more tokens? Upgrade to Dev Tier today at https://console.groq.com/settings/billing","type":"tokens","code":"rate_limit_exceeded"}}

[264/640] R2 en linkedin   創業者生產力提升     (115m0s ETA:219m)
  [ERROR] 429: {"error":{"message":"Rate limit reached for model `llama-3.3-70b-versatile` in organization `org_01kr0knk3weg38kx46ghwjwyk7` service tier `on_demand` on tokens per day (TPD): Limit 100000, Used 98181, Requested 2318. Please try again in 7m11.135999999s. Need more tokens? Upgrade to Dev Tier today at https://console.groq.com/settings/billing","type":"tokens","code":"rate_limit_exceeded"}}

[265/640] R2 en email      創業者生產力提升     (115m25s ETA:218m)
  [ERROR] 429: {"error":{"message":"Rate limit reached for model `llama-3.3-70b-versatile` in organization `org_01kr0knk3weg38kx46ghwjwyk7` service tier `on_demand` on tokens per day (TPD): Limit 100000, Used 98152, Requested 2318. Please try again in 6m46.08s. Need more tokens? Upgrade to Dev Tier today at https://console.groq.com/settings/billing","type":"tokens","code":"rate_limit_exceeded"}}

[266/640] R2 en blog       社群媒體經營術      (115m50s ETA:218m)
  [ERROR] 429: {"error":{"message":"Rate limit reached for model `llama-3.3-70b-versatile` in organization `org_01kr0knk3weg38kx46ghwjwyk7` service tier `on_demand` on tokens per day (TPD): Limit 100000, Used 98122, Requested 2319. Please try again in 6m21.024s. Need more tokens? Upgrade to Dev Tier today at https://console.groq.com/settings/billing","type":"tokens","code":"rate_limit_exceeded"}}

[267/640] R2 en facebook   社群媒體經營術      (116m15s ETA:217m)
  [ERROR] 429: {"error":{"message":"Rate limit reached for model `llama-3.3-70b-versatile` in organization `org_01kr0knk3weg38kx46ghwjwyk7` service tier `on_demand` on tokens per day (TPD): Limit 100000, Used 98093, Requested 2316. Please try again in 5m53.376s. Need more tokens? Upgrade to Dev Tier today at https://console.groq.com/settings/billing","type":"tokens","code":"rate_limit_exceeded"}}

[268/640] R2 en threads    社群媒體經營術      (116m41s ETA:217m)
  [ERROR] 429: {"error":{"message":"Rate limit reached for model `llama-3.3-70b-versatile` in organization `org_01kr0knk3weg38kx46ghwjwyk7` service tier `on_demand` on tokens per day (TPD): Limit 100000, Used 98064, Requested 2317. Please try again in 5m29.184s. Need more tokens? Upgrade to Dev Tier today at https://console.groq.com/settings/billing","type":"tokens","code":"rate_limit_exceeded"}}

[269/640] R2 en linkedin   社群媒體經營術      (117m6s ETA:216m)
  [ERROR] 429: {"error":{"message":"Rate limit reached for model `llama-3.3-70b-versatile` in organization `org_01kr0knk3weg38kx46ghwjwyk7` service tier `on_demand` on tokens per day (TPD): Limit 100000, Used 98035, Requested 2318. Please try again in 5m4.992s. Need more tokens? Upgrade to Dev Tier today at https://console.groq.com/settings/billing","type":"tokens","code":"rate_limit_exceeded"}}

[270/640] R2 en email      社群媒體經營術      (117m31s ETA:215m)
  [ERROR] 429: {"error":{"message":"Rate limit reached for model `llama-3.3-70b-versatile` in organization `org_01kr0knk3weg38kx46ghwjwyk7` service tier `on_demand` on tokens per day (TPD): Limit 100000, Used 98006, Requested 2318. Please try again in 4m39.936s. Need more tokens? Upgrade to Dev Tier today at https://console.groq.com/settings/billing","type":"tokens","code":"rate_limit_exceeded"}}

[271/640] R2 en blog       內容行銷趨勢       (117m56s ETA:215m)
  [ERROR] 429: {"error":{"message":"Rate limit reached for model `llama-3.3-70b-versatile` in organization `org_01kr0knk3weg38kx46ghwjwyk7` service tier `on_demand` on tokens per day (TPD): Limit 100000, Used 97976, Requested 2319. Please try again in 4m14.88s. Need more tokens? Upgrade to Dev Tier today at https://console.groq.com/settings/billing","type":"tokens","code":"rate_limit_exceeded"}}

[272/640] R2 en facebook   內容行銷趨勢       (118m22s ETA:214m)
  [ERROR] 429: {"error":{"message":"Rate limit reached for model `llama-3.3-70b-versatile` in organization `org_01kr0knk3weg38kx46ghwjwyk7` service tier `on_demand` on tokens per day (TPD): Limit 100000, Used 97947, Requested 2316. Please try again in 3m47.232s. Need more tokens? Upgrade to Dev Tier today at https://console.groq.com/settings/billing","type":"tokens","code":"rate_limit_exceeded"}}

[273/640] R2 en threads    內容行銷趨勢       (118m47s ETA:214m)
  [ERROR] 429: {"error":{"message":"Rate limit reached for model `llama-3.3-70b-versatile` in organization `org_01kr0knk3weg38kx46ghwjwyk7` service tier `on_demand` on tokens per day (TPD): Limit 100000, Used 97918, Requested 2317. Please try again in 3m23.04s. Need more tokens? Upgrade to Dev Tier today at https://console.groq.com/settings/billing","type":"tokens","code":"rate_limit_exceeded"}}

[274/640] R2 en linkedin   內容行銷趨勢       (119m12s ETA:213m)
  [ERROR] 429: {"error":{"message":"Rate limit reached for model `llama-3.3-70b-versatile` in organization `org_01kr0knk3weg38kx46ghwjwyk7` service tier `on_demand` on tokens per day (TPD): Limit 100000, Used 97889, Requested 2318. Please try again in 2m58.848s. Need more tokens? Upgrade to Dev Tier today at https://console.groq.com/settings/billing","type":"tokens","code":"rate_limit_exceeded"}}

[275/640] R2 en email      內容行銷趨勢       (119m37s ETA:212m)
  [ERROR] 429: {"error":{"message":"Rate limit reached for model `llama-3.3-70b-versatile` in organization `org_01kr0knk3weg38kx46ghwjwyk7` service tier `on_demand` on tokens per day (TPD): Limit 100000, Used 97860, Requested 2318. Please try again in 2m33.792s. Need more tokens? Upgrade to Dev Tier today at https://console.groq.com/settings/billing","type":"tokens","code":"rate_limit_exceeded"}}

[276/640] R2 en blog       品牌建立實戰       (120m3s ETA:212m)
  [ERROR] 429: {"error":{"message":"Rate limit reached for model `llama-3.3-70b-versatile` in organization `org_01kr0knk3weg38kx46ghwjwyk7` service tier `on_demand` on tokens per day (TPD): Limit 100000, Used 97830, Requested 2316. Please try again in 2m6.143999999s. Need more tokens? Upgrade to Dev Tier today at https://console.groq.com/settings/billing","type":"tokens","code":"rate_limit_exceeded"}}

[277/640] R2 en facebook   品牌建立實戰       (120m28s ETA:211m)
  [ERROR] 429: {"error":{"message":"Rate limit reached for model `llama-3.3-70b-versatile` in organization `org_01kr0knk3weg38kx46ghwjwyk7` service tier `on_demand` on tokens per day (TPD): Limit 100000, Used 97801, Requested 2313. Please try again in 1m38.496s. Need more tokens? Upgrade to Dev Tier today at https://console.groq.com/settings/billing","type":"tokens","code":"rate_limit_exceeded"}}

[278/640] R2 en threads    品牌建立實戰       (120m53s ETA:211m)
  [ERROR] 429: {"error":{"message":"Rate limit reached for model `llama-3.3-70b-versatile` in organization `org_01kr0knk3weg38kx46ghwjwyk7` service tier `on_demand` on tokens per day (TPD): Limit 100000, Used 97772, Requested 2314. Please try again in 1m14.304s. Need more tokens? Upgrade to Dev Tier today at https://console.groq.com/settings/billing","type":"tokens","code":"rate_limit_exceeded"}}

[279/640] R2 en linkedin   品牌建立實戰       (121m18s ETA:210m)
  [ERROR] 429: {"error":{"message":"Rate limit reached for model `llama-3.3-70b-versatile` in organization `org_01kr0knk3weg38kx46ghwjwyk7` service tier `on_demand` on tokens per day (TPD): Limit 100000, Used 97743, Requested 2315. Please try again in 50.112s. Need more tokens? Upgrade to Dev Tier today at https://console.groq.com/settings/billing","type":"tokens","code":"rate_limit_exceeded"}}

[280/640] R2 en email      品牌建立實戰       (121m43s ETA:210m)
  [ERROR] 429: {"error":{"message":"Rate limit reached for model `llama-3.3-70b-versatile` in organization `org_01kr0knk3weg38kx46ghwjwyk7` service tier `on_demand` on tokens per day (TPD): Limit 100000, Used 97714, Requested 2315. Please try again in 25.056s. Need more tokens? Upgrade to Dev Tier today at https://console.groq.com/settings/billing","type":"tokens","code":"rate_limit_exceeded"}}

[281/640] R2 en blog       AI客服與客戶體驗    (122m9s ETA:209m)
  [ERROR] 429: {"error":{"message":"Rate limit reached for model `llama-3.3-70b-versatile` in organization `org_01kr0knk3weg38kx46ghwjwyk7` service tier `on_demand` on tokens per day (TPD): Limit 100000, Used 97684, Requested 2320. Please try again in 3.456s. Need more tokens? Upgrade to Dev Tier today at https://console.groq.com/settings/billing","type":"tokens","code":"rate_limit_exceeded"}}

[282/640] R2 en facebook   AI客服與客戶體驗    (122m34s ETA:208m)
  -> 282_en_facebook_AI客服與客戶體驗.md
[283/640] R2 en threads    AI客服與客戶體驗    (123m0s ETA:208m)
  [ERROR] 429: {"error":{"message":"Rate limit reached for model `llama-3.3-70b-versatile` in organization `org_01kr0knk3weg38kx46ghwjwyk7` service tier `on_demand` on tokens per day (TPD): Limit 100000, Used 99971, Requested 2318. Please try again in 32m57.696s. Need more tokens? Upgrade to Dev Tier today at https://console.groq.com/settings/billing","type":"tokens","code":"rate_limit_exceeded"}}

[284/640] R2 en linkedin   AI客服與客戶體驗    (123m25s ETA:207m)
  [ERROR] 429: {"error":{"message":"Rate limit reached for model `llama-3.3-70b-versatile` in organization `org_01kr0knk3weg38kx46ghwjwyk7` service tier `on_demand` on tokens per day (TPD): Limit 100000, Used 99942, Requested 500. Please try again in 6m21.888s. Need more tokens? Upgrade to Dev Tier today at https://console.groq.com/settings/billing","type":"tokens","code":"rate_limit_exceeded"}}

[285/640] R2 en email      AI客服與客戶體驗    (123m51s ETA:207m)
  [ERROR] 429: {"error":{"message":"Rate limit reached for model `llama-3.3-70b-versatile` in organization `org_01kr0knk3weg38kx46ghwjwyk7` service tier `on_demand` on tokens per day (TPD): Limit 100000, Used 99913, Requested 500. Please try again in 5m56.832s. Need more tokens? Upgrade to Dev Tier today at https://console.groq.com/settings/billing","type":"tokens","code":"rate_limit_exceeded"}}

[286/640] R2 en blog       低成本創業方法      (124m16s ETA:206m)
  [ERROR] 429: {"error":{"message":"Rate limit reached for model `llama-3.3-70b-versatile` in organization `org_01kr0knk3weg38kx46ghwjwyk7` service tier `on_demand` on tokens per day (TPD): Limit 100000, Used 99884, Requested 2317. Please try again in 31m41.663999999s. Need more tokens? Upgrade to Dev Tier today at https://console.groq.com/settings/billing","type":"tokens","code":"rate_limit_exceeded"}}

[287/640] R2 en facebook   低成本創業方法      (124m41s ETA:205m)
  [ERROR] 429: {"error":{"message":"Rate limit reached for model `llama-3.3-70b-versatile` in organization `org_01kr0knk3weg38kx46ghwjwyk7` service tier `on_demand` on tokens per day (TPD): Limit 100000, Used 99854, Requested 495. Please try again in 5m1.536s. Need more tokens? Upgrade to Dev Tier today at https://console.groq.com/settings/billing","type":"tokens","code":"rate_limit_exceeded"}}

[288/640] R2 en threads    低成本創業方法      (125m6s ETA:205m)
  [ERROR] 429: {"error":{"message":"Rate limit reached for model `llama-3.3-70b-versatile` in organization `org_01kr0knk3weg38kx46ghwjwyk7` service tier `on_demand` on tokens per day (TPD): Limit 100000, Used 99825, Requested 2315. Please try again in 30m48.959999999s. Need more tokens? Upgrade to Dev Tier today at https://console.groq.com/settings/billing","type":"tokens","code":"rate_limit_exceeded"}}

[289/640] R2 en linkedin   低成本創業方法      (125m31s ETA:204m)
  [ERROR] 429: {"error":{"message":"Rate limit reached for model `llama-3.3-70b-versatile` in organization `org_01kr0knk3weg38kx46ghwjwyk7` service tier `on_demand` on tokens per day (TPD): Limit 100000, Used 99796, Requested 497. Please try again in 4m13.152s. Need more tokens? Upgrade to Dev Tier today at https://console.groq.com/settings/billing","type":"tokens","code":"rate_limit_exceeded"}}

[290/640] R2 en email      低成本創業方法      (125m57s ETA:204m)
  [ERROR] 429: {"error":{"message":"Rate limit reached for model `llama-3.3-70b-versatile` in organization `org_01kr0knk3weg38kx46ghwjwyk7` service tier `on_demand` on tokens per day (TPD): Limit 100000, Used 99767, Requested 497. Please try again in 3m48.096s. Need more tokens? Upgrade to Dev Tier today at https://console.groq.com/settings/billing","type":"tokens","code":"rate_limit_exceeded"}}

[291/640] R2 en blog       知識變現策略       (126m22s ETA:203m)
  [ERROR] 429: {"error":{"message":"Rate limit reached for model `llama-3.3-70b-versatile` in organization `org_01kr0knk3weg38kx46ghwjwyk7` service tier `on_demand` on tokens per day (TPD): Limit 100000, Used 99738, Requested 499. Please try again in 3m24.768s. Need more tokens? Upgrade to Dev Tier today at https://console.groq.com/settings/billing","type":"tokens","code":"rate_limit_exceeded"}}

[292/640] R2 en facebook   知識變現策略       (126m47s ETA:203m)
  [ERROR] 429: {"error":{"message":"Rate limit reached for model `llama-3.3-70b-versatile` in organization `org_01kr0knk3weg38kx46ghwjwyk7` service tier `on_demand` on tokens per day (TPD): Limit 100000, Used 99708, Requested 496. Please try again in 2m56.256s. Need more tokens? Upgrade to Dev Tier today at https://console.groq.com/settings/billing","type":"tokens","code":"rate_limit_exceeded"}}

[293/640] R2 en threads    知識變現策略       (127m12s ETA:202m)
  [ERROR] 429: {"error":{"message":"Rate limit reached for model `llama-3.3-70b-versatile` in organization `org_01kr0knk3weg38kx46ghwjwyk7` service tier `on_demand` on tokens per day (TPD): Limit 100000, Used 99679, Requested 2316. Please try again in 28m43.679999999s. Need more tokens? Upgrade to Dev Tier today at https://console.groq.com/settings/billing","type":"tokens","code":"rate_limit_exceeded"}}

[294/640] R2 en linkedin   知識變現策略       (127m38s ETA:201m)
  [ERROR] 429: {"error":{"message":"Rate limit reached for model `llama-3.3-70b-versatile` in organization `org_01kr0knk3weg38kx46ghwjwyk7` service tier `on_demand` on tokens per day (TPD): Limit 100000, Used 99650, Requested 2317. Please try again in 28m19.488s. Need more tokens? Upgrade to Dev Tier today at https://console.groq.com/settings/billing","type":"tokens","code":"rate_limit_exceeded"}}

[295/640] R2 en email      知識變現策略       (128m3s ETA:201m)
  [ERROR] 429: {"error":{"message":"Rate limit reached for model `llama-3.3-70b-versatile` in organization `org_01kr0knk3weg38kx46ghwjwyk7` service tier `on_demand` on tokens per day (TPD): Limit 100000, Used 99621, Requested 2317. Please try again in 27m54.432s. Need more tokens? Upgrade to Dev Tier today at https://console.groq.com/settings/billing","type":"tokens","code":"rate_limit_exceeded"}}

[296/640] R2 en blog       自媒體經營入門      (128m28s ETA:200m)
  [ERROR] 429: {"error":{"message":"Rate limit reached for model `llama-3.3-70b-versatile` in organization `org_01kr0knk3weg38kx46ghwjwyk7` service tier `on_demand` on tokens per day (TPD): Limit 100000, Used 99592, Requested 2319. Please try again in 27m31.103999999s. Need more tokens? Upgrade to Dev Tier today at https://console.groq.com/settings/billing","type":"tokens","code":"rate_limit_exceeded"}}

[297/640] R2 en facebook   自媒體經營入門      (128m53s ETA:200m)
  [ERROR] 429: {"error":{"message":"Rate limit reached for model `llama-3.3-70b-versatile` in organization `org_01kr0knk3weg38kx46ghwjwyk7` service tier `on_demand` on tokens per day (TPD): Limit 100000, Used 99562, Requested 2316. Please try again in 27m2.592s. Need more tokens? Upgrade to Dev Tier today at https://console.groq.com/settings/billing","type":"tokens","code":"rate_limit_exceeded"}}

[298/640] R2 en threads    自媒體經營入門      (129m19s ETA:199m)
  [ERROR] 429: {"error":{"message":"Rate limit reached for model `llama-3.3-70b-versatile` in organization `org_01kr0knk3weg38kx46ghwjwyk7` service tier `on_demand` on tokens per day (TPD): Limit 100000, Used 99533, Requested 2317. Please try again in 26m38.399999999s. Need more tokens? Upgrade to Dev Tier today at https://console.groq.com/settings/billing","type":"tokens","code":"rate_limit_exceeded"}}

[299/640] R2 en linkedin   自媒體經營入門      (129m44s ETA:198m)
  [ERROR] 429: {"error":{"message":"Rate limit reached for model `llama-3.3-70b-versatile` in organization `org_01kr0knk3weg38kx46ghwjwyk7` service tier `on_demand` on tokens per day (TPD): Limit 100000, Used 99504, Requested 2318. Please try again in 26m14.208s. Need more tokens? Upgrade to Dev Tier today at https://console.groq.com/settings/billing","type":"tokens","code":"rate_limit_exceeded"}}

[300/640] R2 en email      自媒體經營入門      (130m9s ETA:198m)
  [ERROR] 429: {"error":{"message":"Rate limit reached for model `llama-3.3-70b-versatile` in organization `org_01kr0knk3weg38kx46ghwjwyk7` service tier `on_demand` on tokens per day (TPD): Limit 100000, Used 99475, Requested 2318. Please try again in 25m49.152s. Need more tokens? Upgrade to Dev Tier today at https://console.groq.com/settings/billing","type":"tokens","code":"rate_limit_exceeded"}}

[301/640] R2 en blog       AI時代的職涯規劃    (130m34s ETA:197m)
  [ERROR] 429: {"error":{"message":"Rate limit reached for model `llama-3.3-70b-versatile` in organization `org_01kr0knk3weg38kx46ghwjwyk7` service tier `on_demand` on tokens per day (TPD): Limit 100000, Used 99446, Requested 2320. Please try again in 25m25.823999999s. Need more tokens? Upgrade to Dev Tier today at https://console.groq.com/settings/billing","type":"tokens","code":"rate_limit_exceeded"}}

[302/640] R2 en facebook   AI時代的職涯規劃    (131m0s ETA:197m)
  [ERROR] 429: {"error":{"message":"Rate limit reached for model `llama-3.3-70b-versatile` in organization `org_01kr0knk3weg38kx46ghwjwyk7` service tier `on_demand` on tokens per day (TPD): Limit 100000, Used 99416, Requested 2317. Please try again in 24m57.312s. Need more tokens? Upgrade to Dev Tier today at https://console.groq.com/settings/billing","type":"tokens","code":"rate_limit_exceeded"}}

[303/640] R2 en threads    AI時代的職涯規劃    (131m25s ETA:196m)
  [ERROR] 429: {"error":{"message":"Rate limit reached for model `llama-3.3-70b-versatile` in organization `org_01kr0knk3weg38kx46ghwjwyk7` service tier `on_demand` on tokens per day (TPD): Limit 100000, Used 99387, Requested 2318. Please try again in 24m33.12s. Need more tokens? Upgrade to Dev Tier today at https://console.groq.com/settings/billing","type":"tokens","code":"rate_limit_exceeded"}}

[304/640] R2 en linkedin   AI時代的職涯規劃    (131m50s ETA:196m)
  [ERROR] 429: {"error":{"message":"Rate limit reached for model `llama-3.3-70b-versatile` in organization `org_01kr0knk3weg38kx46ghwjwyk7` service tier `on_demand` on tokens per day (TPD): Limit 100000, Used 99358, Requested 2319. Please try again in 24m8.928s. Need more tokens? Upgrade to Dev Tier today at https://console.groq.com/settings/billing","type":"tokens","code":"rate_limit_exceeded"}}

[305/640] R2 en email      AI時代的職涯規劃    (132m15s ETA:195m)
  [ERROR] 429: {"error":{"message":"Rate limit reached for model `llama-3.3-70b-versatile` in organization `org_01kr0knk3weg38kx46ghwjwyk7` service tier `on_demand` on tokens per day (TPD): Limit 100000, Used 99329, Requested 2319. Please try again in 23m43.872s. Need more tokens? Upgrade to Dev Tier today at https://console.groq.com/settings/billing","type":"tokens","code":"rate_limit_exceeded"}}

[306/640] R2 en blog       自動化銷售漏斗      (132m40s ETA:194m)
  [ERROR] 429: {"error":{"message":"Rate limit reached for model `llama-3.3-70b-versatile` in organization `org_01kr0knk3weg38kx46ghwjwyk7` service tier `on_demand` on tokens per day (TPD): Limit 100000, Used 99299, Requested 2318. Please try again in 23m17.088s. Need more tokens? Upgrade to Dev Tier today at https://console.groq.com/settings/billing","type":"tokens","code":"rate_limit_exceeded"}}

[307/640] R2 en facebook   自動化銷售漏斗      (133m6s ETA:194m)
  [ERROR] 429: {"error":{"message":"Rate limit reached for model `llama-3.3-70b-versatile` in organization `org_01kr0knk3weg38kx46ghwjwyk7` service tier `on_demand` on tokens per day (TPD): Limit 100000, Used 99270, Requested 2315. Please try again in 22m49.44s. Need more tokens? Upgrade to Dev Tier today at https://console.groq.com/settings/billing","type":"tokens","code":"rate_limit_exceeded"}}

[308/640] R2 en threads    自動化銷售漏斗      (133m31s ETA:193m)
  [ERROR] 429: {"error":{"message":"Rate limit reached for model `llama-3.3-70b-versatile` in organization `org_01kr0knk3weg38kx46ghwjwyk7` service tier `on_demand` on tokens per day (TPD): Limit 100000, Used 99241, Requested 2316. Please try again in 22m25.248s. Need more tokens? Upgrade to Dev Tier today at https://console.groq.com/settings/billing","type":"tokens","code":"rate_limit_exceeded"}}

[309/640] R2 en linkedin   自動化銷售漏斗      (133m56s ETA:193m)
  [ERROR] 429: {"error":{"message":"Rate limit reached for model `llama-3.3-70b-versatile` in organization `org_01kr0knk3weg38kx46ghwjwyk7` service tier `on_demand` on tokens per day (TPD): Limit 100000, Used 99212, Requested 2317. Please try again in 22m1.056s. Need more tokens? Upgrade to Dev Tier today at https://console.groq.com/settings/billing","type":"tokens","code":"rate_limit_exceeded"}}

[310/640] R2 en email      自動化銷售漏斗      (134m21s ETA:192m)
  [ERROR] 429: {"error":{"message":"Rate limit reached for model `llama-3.3-70b-versatile` in organization `org_01kr0knk3weg38kx46ghwjwyk7` service tier `on_demand` on tokens per day (TPD): Limit 100000, Used 99183, Requested 2317. Please try again in 21m36s. Need more tokens? Upgrade to Dev Tier today at https://console.groq.com/settings/billing","type":"tokens","code":"rate_limit_exceeded"}}

[311/640] R2 en blog       數據驅動行銷       (134m47s ETA:191m)
  [ERROR] 429: {"error":{"message":"Rate limit reached for model `llama-3.3-70b-versatile` in organization `org_01kr0knk3weg38kx46ghwjwyk7` service tier `on_demand` on tokens per day (TPD): Limit 100000, Used 99153, Requested 2319. Please try again in 21m11.808s. Need more tokens? Upgrade to Dev Tier today at https://console.groq.com/settings/billing","type":"tokens","code":"rate_limit_exceeded"}}

[312/640] R2 en facebook   數據驅動行銷       (135m12s ETA:191m)
  [ERROR] 429: {"error":{"message":"Rate limit reached for model `llama-3.3-70b-versatile` in organization `org_01kr0knk3weg38kx46ghwjwyk7` service tier `on_demand` on tokens per day (TPD): Limit 100000, Used 99124, Requested 2316. Please try again in 20m44.159999999s. Need more tokens? Upgrade to Dev Tier today at https://console.groq.com/settings/billing","type":"tokens","code":"rate_limit_exceeded"}}

[313/640] R2 en threads    數據驅動行銷       (135m37s ETA:190m)
  [ERROR] 429: {"error":{"message":"Rate limit reached for model `llama-3.3-70b-versatile` in organization `org_01kr0knk3weg38kx46ghwjwyk7` service tier `on_demand` on tokens per day (TPD): Limit 100000, Used 99095, Requested 2317. Please try again in 20m19.968s. Need more tokens? Upgrade to Dev Tier today at https://console.groq.com/settings/billing","type":"tokens","code":"rate_limit_exceeded"}}

[314/640] R2 en linkedin   數據驅動行銷       (136m2s ETA:190m)
  [ERROR] 429: {"error":{"message":"Rate limit reached for model `llama-3.3-70b-versatile` in organization `org_01kr0knk3weg38kx46ghwjwyk7` service tier `on_demand` on tokens per day (TPD): Limit 100000, Used 99066, Requested 2318. Please try again in 19m55.776s. Need more tokens? Upgrade to Dev Tier today at https://console.groq.com/settings/billing","type":"tokens","code":"rate_limit_exceeded"}}

[315/640] R2 en email      數據驅動行銷       (136m28s ETA:189m)
  [ERROR] 429: {"error":{"message":"Rate limit reached for model `llama-3.3-70b-versatile` in organization `org_01kr0knk3weg38kx46ghwjwyk7` service tier `on_demand` on tokens per day (TPD): Limit 100000, Used 99037, Requested 2318. Please try again in 19m30.72s. Need more tokens? Upgrade to Dev Tier today at https://console.groq.com/settings/billing","type":"tokens","code":"rate_limit_exceeded"}}

[316/640] R2 en blog       創業者時間管理      (136m53s ETA:189m)
  [ERROR] 429: {"error":{"message":"Rate limit reached for model `llama-3.3-70b-versatile` in organization `org_01kr0knk3weg38kx46ghwjwyk7` service tier `on_demand` on tokens per day (TPD): Limit 100000, Used 99007, Requested 2317. Please try again in 19m3.936s. Need more tokens? Upgrade to Dev Tier today at https://console.groq.com/settings/billing","type":"tokens","code":"rate_limit_exceeded"}}

[317/640] R2 en facebook   創業者時間管理      (137m18s ETA:188m)
  [ERROR] 429: {"error":{"message":"Rate limit reached for model `llama-3.3-70b-versatile` in organization `org_01kr0knk3weg38kx46ghwjwyk7` service tier `on_demand` on tokens per day (TPD): Limit 100000, Used 98978, Requested 2314. Please try again in 18m36.288s. Need more tokens? Upgrade to Dev Tier today at https://console.groq.com/settings/billing","type":"tokens","code":"rate_limit_exceeded"}}

[318/640] R2 en threads    創業者時間管理      (137m43s ETA:187m)
  [ERROR] 429: {"error":{"message":"Rate limit reached for model `llama-3.3-70b-versatile` in organization `org_01kr0knk3weg38kx46ghwjwyk7` service tier `on_demand` on tokens per day (TPD): Limit 100000, Used 98949, Requested 2315. Please try again in 18m12.096s. Need more tokens? Upgrade to Dev Tier today at https://console.groq.com/settings/billing","type":"tokens","code":"rate_limit_exceeded"}}

[319/640] R2 en linkedin   創業者時間管理      (138m8s ETA:187m)
  [ERROR] 429: {"error":{"message":"Rate limit reached for model `llama-3.3-70b-versatile` in organization `org_01kr0knk3weg38kx46ghwjwyk7` service tier `on_demand` on tokens per day (TPD): Limit 100000, Used 98919, Requested 2316. Please try again in 17m47.04s. Need more tokens? Upgrade to Dev Tier today at https://console.groq.com/settings/billing","type":"tokens","code":"rate_limit_exceeded"}}

[320/640] R2 en email      創業者時間管理      (138m34s ETA:186m)
  [ERROR] 429: {"error":{"message":"Rate limit reached for model `llama-3.3-70b-versatile` in organization `org_01kr0knk3weg38kx46ghwjwyk7` service tier `on_demand` on tokens per day (TPD): Limit 100000, Used 98890, Requested 2316. Please try again in 17m21.983999999s. Need more tokens? Upgrade to Dev Tier today at https://console.groq.com/settings/billing","type":"tokens","code":"rate_limit_exceeded"}}


============================================================
[DONE] 完成！耗時 139 分 0 秒
[DONE] 共產生 320 篇內容
[DONE] 輸出目錄: generated_content/
[DONE] summary -> generated_content/_summary.json
[DONE] 回目錄: find generated_content/ -name '*.md' | wc -l

[WARN] 187 個錯誤:
  [132] R1 en/facebook/知識變現策略: [ERROR] 429: {"error":{"message":"Rate limit reached for model `llama-3.3-70b-versatile` in organization `org_01kr0knk3weg38kx46ghwjwyk7` service tier `on_demand` on tokens per day (TPD): Limit 100000, Used 99716, Requested 1214. Please try again in 13m23.52s. Need more tokens? Upgrade to Dev Tier today at https://console.groq.com/settings/billing","type":"tokens","code":"rate_limit_exceeded"}}

  [133] R1 en/threads/知識變現策略: [ERROR] 429: {"error":{"message":"Rate limit reached for model `llama-3.3-70b-versatile` in organization `org_01kr0knk3weg38kx46ghwjwyk7` service tier `on_demand` on tokens per day (TPD): Limit 100000, Used 99687, Requested 1340. Please try again in 14m47.328s. Need more tokens? Upgrade to Dev Tier today at https://console.groq.com/settings/billing","type":"tokens","code":"rate_limit_exceeded"}}

  [134] R1 en/linkedin/知識變現策略: [ERROR] 429: {"error":{"message":"Rate limit reached for model `llama-3.3-70b-versatile` in organization `org_01kr0knk3weg38kx46ghwjwyk7` service tier `on_demand` on tokens per day (TPD): Limit 100000, Used 99658, Requested 1341. Please try again in 14m23.136s. Need more tokens? Upgrade to Dev Tier today at https://console.groq.com/settings/billing","type":"tokens","code":"rate_limit_exceeded"}}

  [135] R1 en/email/知識變現策略: [ERROR] 429: {"error":{"message":"Rate limit reached for model `llama-3.3-70b-versatile` in organization `org_01kr0knk3weg38kx46ghwjwyk7` service tier `on_demand` on tokens per day (TPD): Limit 100000, Used 99629, Requested 1216. Please try again in 12m10.079999999s. Need more tokens? Upgrade to Dev Tier today at https://console.groq.com/settings/billing","type":"tokens","code":"rate_limit_exceeded"}}

  [136] R1 en/blog/自媒體經營入門: [ERROR] 429: {"error":{"message":"Rate limit reached for model `llama-3.3-70b-versatile` in organization `org_01kr0knk3weg38kx46ghwjwyk7` service tier `on_demand` on tokens per day (TPD): Limit 100000, Used 99599, Requested 1343. Please try again in 13m33.887999999s. Need more tokens? Upgrade to Dev Tier today at https://console.groq.com/settings/billing","type":"tokens","code":"rate_limit_exceeded"}}

  ... 還有 182 個錯誤
